콘텐츠명,평일오픈시간,평일클로즈시간,주말오픈시간,주말클로즈시간,휴식시작시간,휴식종료시간,난이도,장애인주차구역,장애인엘레베이터,장애인화장실,장애인화장실유효공간,장애인관람석및열람석,영유아돌봄시설,안내소접근가능여부,기타시설
공천포,,,,,,,,,,,,,,,
제주민속촌,8:30,17:00,8:30,17:00,,,1,y,,y,y,,n,y,"휠체어, 유모차,"
제주빅볼랜드,9:30,18:30,9:30,18:30,,,,,,,,,,,
마오름(맞보기)(안덕),,,,,,,,,,,,,,,
"과오름(큰오름, 샛오름, 말젯오름)",,,,,,,,,,,,,,,
제주월드21(철거),15:30,22:30,12:20,22:30,,,,,,,,,,,
신양해안도로,,,,,,,,,,,,,,,
너븐숭이 4.3기념관,9:00,16:00,9:00,16:00,,,1,y,y,y,y,y,y,y,"휠체어, 유모차, "
백약이오름,,,,,,,,,,,,,,,
디스커버제주,11:00,15:00,11:00,15:00,,,,,,,,,,,
"광이오름 (괭이오름, 肝列岳)",,,,,,,,,,,,,,,
오름터 민속마을,,,,,,,,,,,,,,,
제주승마공원,9:00,18:00,9:00,18:00,,,,,,,,,,,
제주실탄사격장,10:00,18:30,10:00,18:30,,,,,,,,,,,
서귀포 축구공원,,,,,,,,,,,,,,,
제주카약,,,,,,,,,,,,,,,
클럽나인브릿지,7:00,22:00,7:00,22:00,,,,,,,,,,,
서귀포시립기당미술관,9:00,18:00,9:00,18:00,,,,,,,,,,,
서건도,,,,,,,,,,,,,,,
새신오름(신서악),,,,,,,,,,,,,,,
묵리처녀당,,,,,,,,,,,,,,,
법화사지,,,,,,,,,,,,,,,
보롬왓,9:00,18:00,9:00,18:00,,,,,,,,,,,
제주프린지페스티벌,,,,,,,,,,,,,,,
귀빈사,,,,,,,,,,,,,,,
스쿠버스쿨,,,,,,,,,,,,,,,
쇠소깍제트,9:00,18:00,9:00,18:00,,,,,,,,,,,
수악 (물오름),,,,,,,,,,,,,,,
타보카 월정리투명카약,9:00,18:00,9:00,18:00,,,,,,,,,,,
신양포구,,,,,,,,,,,,,,,
지포뮤지엄,10:00,18:00,10:00,18:00,,,,,,,,,,,
"방주오름 (방지오름, 방제오름)",,,,,,,,,,,,,,,
천지연폭포,9:00,22:00,9:00,22:00,,,2,y,n,y,y,n,n,y,"휠체어, 유모차"
쌍용굴(한림공원),8:30,18:00,8:30,18:00,,,,,,,,,,,
쉬리의언덕,,,,,,,,,,,,,,,
시민축구장,,,,,,,,,,,,,,,
제주돌마을공원,9:00,18:00,9:00,18:00,,,,,,,,,,,
삼매봉,,,,,,,,,,,,,,,
삼사석,,,,,,,,,,,,,,,
제주월드컵경기장,6:00,22:00,6:00,22:00,,,,,,,,,,,
안돌오름,,,,,,,,,,,,,,,
붉은오름(표선면),,,,,,,,,,,,,,,
제주베니스랜드,9:00,18:00,9:00,18:00,,,3,y,n,y,y,,n,y,휠체어
추사 유배길 - 2코스 인연의 길,,,,,,,,,,,,,,,
붉은오름 자연휴양림,8:00,17:00,8:00,17:00,,,3,y,y,y,y,,n,n,"휠체어, 유모차,"
서귀포자연휴양림,9:00,18:00,9:00,18:00,,,2,y,,y,y,,n,n,"휠체어, 유모차"
엉알해안,,,,,,,,,,,,,,,
비양도,9:20,15:36,,,,,,,,,,,,,
산세미오름 (삼산이오름),,,,,,,,,,,,,,,
한라산영실코스,,,,,,,,,,,,,,,
강창학 종합경기장,,,,,,,,,,,,,,,
민오름(조천읍),,,,,,,,,,,,,,,
그랑블루호(선상낚시),9:00,22:00,9:00,22:00,,,,,,,,,,,
비자림,9:00,18:00,8:00,18:00,,,2,n,,y,y,,n,y,"휠체어, 유모차"
삼각봉,,,,,,,,,,,,,,,
김만덕객주,,,,,,,1,y,n,n,n,n,n,y,-
마원,9:00,18:00,9:00,18:00,,,,,,,,,,,
법정악(법정이),,,,,,,,,,,,,,,
고내리포구,,,,,,,,,,,,,,,
빌레못동굴,,,,,,,,,,,,,,,
대장금촬영지(제주민속촌),,,,,,,,,,,,,,,
제주유람선,,,,,,,,,,,,,,,
묵리해안쉼터,,,,,,,,,,,,,,,
삼형제오름,,,,,,,,,,,,,,,
별도포구,,,,,,,,,,,,,,,
사계해안도로,,,,,,,,,,,,,,,
참굴비조형물,,,,,,,,,,,,,,,
테디베어사파리 테지움,8:50,17:40,8:50,17:40,,,1,y,y,y,y,,y,y,-
"판포오름 (널개오름, 板浦岳)",,,,,,,,,,,,,,,
제주올레 12코스,,,,,,,,,,,,,,,
"고내봉(고내오름,고니오름,망오름)",,,,,,,,,,,,,,,
예초리포구,,,,,,,,,,,,,,,
추자도 숭어체험장,,,,,,,,,,,,,,,
통오름,,,,,,,,,,,,,,,
송죽사터,,,,,,,,,,,,,,,
홍가시나무길(탐라대),,,,,,,,,,,,,,,
해피맘하우스,9:00,18:00,9:00,18:00,,,,,,,,,,,
족은바리메,,,,,,,,,,,,,,,
제주에코승마장(구.제주승마장),9:00,19:00,9:00,19:00,,,,,,,,,,,
"대왕산 (왕뫼, 왕메, 왕미)",,,,,,,,,,,,,,,
까끄래기오름,,,,,,,,,,,,,,,
본태박물관,10:00,18:00,10:00,18:00,,,,,,,,,,,
그랑블루호 선상낚시,9:00,18:00,9:00,18:00,,,,,,,,,,,
소남머리,,,,,,,,,,,,,,,
송당본향당,,,,,,,,,,,,,,,
논짓물,8:00,19:00,8:00,19:00,,,,,,,,,,,
제주불빛정원 테마파크,18:30,24:00:00,18:30,24:00:00,,,,,,,,,,,
송악산 진지동굴,,,,,,,,,,,,,,,
김녕요트투어,,,,,,,,,,,,,,,
제주올레 15-A코스,,,,,,,,,,,,,,,
영주산,,,,,,,2,,,,,,,,
공천포구,,,,,,,,,,,,,,,
모슬봉 (모슬개오름),,,,,,,,,,,,,,,
중문승마공원,10:00,17:30,10:00,17:30,,,,,,,,,,,
샛개오리,,,,,,,,,,,,,,,
불탑사 (5층석탑),,,,,,,,,,,,,,,
보목포구,,,,,,,,,,,,,,,
샘이오름,,,,,,,,,,,,,,,
형제해안도로,,,,,,,,,,,,,,,
번개과학체험관(폐업),9:00,18:00,9:00,18:00,,,1,y,n,y,n,n,n,y,"휠체어, 유모차"
나틸다,10:00,19:00,10:00,19:00,,,1,,,,,,,,
제주난타,,,,,,,,,,,,,,,
용연카누클럽,,,,,,,,,,,,,,,
케이제주씨워킹,,,,,,,,,,,,,,,
제주잠수함(리더스클럽),9:00,19:00,9:00,19:00,,,,,,,,,,,
모구리오름,,,,,,,,,,,,,,,
범섬,,,,,,,,,,,,,,,
남문지못,,,,,,,,,,,,,,,
1100고지습지,,,,,,,,,,,,,,,
정의향교,,,,,,,,,,,,,,,
천주교 순례길 - 김대건길,,,,,,,,,,,,,,,
북촌환해장성,,,,,,,,,,,,,,,
제라진 제주오프로드 사파리,,,,,,,,,,,,,,,
제주국제예술센터,,,,,,,,,,,,,,,
아프리카박물관,9:00,19:00,9:00,19:00,,,1,y,y,y,y,n,n,y,"휠체어, 유모차"
솔담현경철한의원,9:00,21:00,9:00,13:00,,,,,,,,,,,
박수기정,,,,,,,,,,,,,,,
입산봉(삿갓오름),,,,,,,,,,,,,,,
캔디원,9:00,18:00,9:00,18:00,,,,,,,,,,,
제주올레 10-1코스,,,,,,,,,,,,,,,
제주올레 11코스,,,,,,,,,,,,,,,
핸즈웍스,11:00,20:30,11:00,20:30,,,,,,,,,,,
귀덕연대,,,,,,,,,,,,,,,
유민미술관,9:00,18:00,9:00,18:00,,,1,,,,,,,,
모라이,,,,,,,,,,,,,,,
천주교 순례길 - 김기량길,,,,,,,,,,,,,,,
제주레이크힐스컨트리클럽,6:00,19:00,6:00,19:00,,,,,,,,,,,
최영장군사당,,,,,,,,,,,,,,,
어리목계곡,,,,,,,,,,,,,,,
별방진,,,,,,,,,,,,,,,
"병곳오름 (벵곳오름, 안좌오름)",,,,,,,,,,,,,,,
물영아리오름,,,,,,,,,,,,,,,
다빈치뮤지엄,9:00,18:00,9:00,18:00,,,,,,,,,,,
"저지오름(닥몰오름,새오름)",,,,,,,,,,,,,,,
김녕 지질트레일,,,,,,,,,,,,,,,
테디베어뮤지엄제주,9:00,18:00,9:00,18:00,,,,y,y,y,y,n,y,y,"휠체어, 유모차 등"
물찻오름,,,,,,,,,,,,,,,
사라봉,,,,,,,,,,,,,,,
노을해안로,,,,,,,,,,,,,,,
당오름(안덕면),,,,,,,,,,,,,,,
표선세화해안도로,,,,,,,,,,,,,,,
서귀포예술의전당,9:00,22:00,9:00,22:00,,,,,,,,,,,
매오름,,,,,,,,,,,,,,,
제주힐CC,,,,,,,,,,,,,,,
"들레오름 (月坪峰, 月來岳, 月下岳)",,,,,,,,,,,,,,,
제주롯데스카이힐컨트리클럽,,,,,,,,,,,,,,,
메이즈랜드,9:00,18:00,9:00,18:00,,,1,y,y,y,y,n,y,y,"휠체어, 유모차"
큰바리메오름,,,,,,,,,,,,,,,
생각하는정원,9:00,18:00,9:00,18:00,,,1,y,,n,n,,n,y,"휠체어, 유모차,"
우도올레보트,9:00,17:00,9:00,17:00,,,,,,,,,,,
카멜리아힐,9:00,18:30,9:00,18:30,,,2,y,n,y,y,y,n,n,"휠체어, 유모차"
문도지오름 (문돗지),,,,,,,,,,,,,,,
새끼오름 (샛기오름),,,,,,,,,,,,,,,
재밋섬파크,,,10:00,19:00,,,,,,,,,,,
함덕카페거리,,,,,,,,,,,,,,,
포니밸리,9:50,14:30,9:50,14:30,,,2,n,,y,y,,n,y,"휠체어, 유모차 등"
노루생태관찰원,9:00,18:00,9:00,18:00,,,2,y,y,y,y,n,n,y,유모차
가마오름,,,,,,,,,,,,,,,
표선해수욕장,,,,,,,,,,,,,,,
이중섭거리,,,,,,,,,,,,,,,
꽃썸,9:00,20:00,9:00,20:00,,,,,,,,,,,
방림원,9:00,18:00,9:00,18:00,,,2,y,n,n,n,,n,y,"휠체어, 유모차 등"
한울랜드,8:30,18:00,8:30,18:00,,,,y,n,y,y,,n,y,"휠체어, 유모차"
소병악 (족은오름),,,,,,,,,,,,,,,
숫모르편백나무숲길,9:00,18:00,9:00,18:00,,,,,,,,,,,
소정방폭포,,,,,,,,,,,,,,,
협재포구,,,,,,,,,,,,,,,
황우지해안 열두굴,,,,,,,,,,,,,,,
족은사슴이오름,,,,,,,,,,,,,,,
검멀레해변,,,,,,,,,,,,,,,
산방산탄산온천,6:00,23:00,6:00,23:00,,,,,,,,,,,
여미지식물원,9:00,18:00,9:00,18:00,,,2,y,n,y,n,n,n,y,"휠체어, 유모차"
태흥포구,,,,,,,,,,,,,,,
다려도,,,,,,,,,,,,,,,
그랑블루 요트투어,,,,,,,,,,,,,,,
금룡사,,,,,,,,,,,,,,,
전농로 서사라문화거리,,,,,,,,,,,,,,,
왕이메오름,9:00,17:00,9:00,17:00,,,,,,,,,,,
바늘오름,,,,,,,,,,,,,,,
볼레낭길,,,,,,,,,,,,,,,
중문색달해수욕장,,,,,,,,,,,,,,,
우도잠수함(제주씨월드),9:00,18:00,9:00,18:00,,,,,,,,,,,
풋감마을 소길리 농어촌체험마을,,,,,,,,,,,,,,,
아침미소목장,10:00,17:00,10:00,17:00,,,,,,,,,,,
부영컨트리클럽,,,,,,,,,,,,,,,
김녕항,,,,,,,,,,,,,,,
산방굴사,8:30,18:00,8:30,18:00,,,,,,,,,,,
대포포구,,,,,,,,,,,,,,,
거믄여해안경승지,,,,,,,,,,,,,,,
평대리해변,,,,,,,,,,,,,,,
해녀박물관,9:00,17:00,9:00,17:00,,,1,y,y,y,y,n,y,y,"휠체어, 유모차"
제주현대미술관,9:00,18:00,9:00,18:00,,,1,y,y,y,y,,y,y,휠체어
남원큰엉해변,0:00,0:00,0:00,0:00,,,2,n,,y,y,,n,,
제주민속박물관,8:00,18:00,8:00,18:00,,,,,,,,,,,
제주유리의성,9:00,19:00,9:00,19:00,,,1,y,y,y,y,n,y,y,"■ 휠체어 ■유모차, "
따라비오름,,,,,,,,,,,,,,,
마라도잠수함,9:00,18:00,9:00,18:00,,,,,,,,,,,
더마파크,9:00,18:00,9:00,18:00,,,1,y,,y,y,y,n,y,"휠체어, 유모차, "
하멜상선전시관,8:00,18:00,8:00,18:00,,,,,,,,,,,
고근산(고공산),,,,,,,,,,,,,,,
파군봉(바굼지오름),,,,,,,,,,,,,,,
산방산,,,,,,,,,,,,,,,
삼양해수욕장,,,,,,,,,,,,,n,,
싱계물 공원,,,,,,,,,,,,,,,
핀크스 골프클럽,,,,,,,,,,,,,,,
중앙병원,9:00,17:00,,,,,,,,,,,,,
북촌돌하르방미술관,9:00,17:00,9:00,17:00,,,,,,,,,,,
제주불교성지 순례길 절로가는길 - 선정의 길,,,,,,,,,,,,,,,
우도보물섬레져,,,,,,,,,,,,,,,
우도현대렌트,,,,,,,,,,,,,,,
서프라이즈테마파크,9:00,21:00,9:00,21:00,,,1,,,,,,,,
살핀오름,,,,,,,,,,,,,,,
소수산봉(족은물뫼),,,,,,,,,,,,,,,
썬플라워의원,10:00,18:00,,,,,,,,,,,,,
추자도,,,,,,,,,,,,,,,
마라도등대,,,,,,,,,,,,,,,
"검은덕이(검은데기,금덕오름,검은덕오름,今德)",,,,,,,,,,,,,,,
제주올레 21코스,,,,,,,,,,,,,,,
높은오름,,,,,,,,,,,,,,,
대유ATV수렵사격랜드,,,,,,,,,,,,,,,
ㅇㅇㄹㅇㄹㄴㅇㅍㅇㄹ,0:00,0:00,0:00,0:00,,,,,,,,,,,
우도팔경레져,,,,,,,,,,,,,,,
동알오름,,,,,,,,,,,,,,,
섭지코지,0:00,0:00,0:00,0:00,,,3,y,,y,y,,,,
화순리 유채꽃길,,,,,,,,,,,,,,,
손지오름,,,,,,,,,,,,,,,
해비치컨트리클럽제주,8:00,18:00,8:00,18:00,,,,,,,,,,,
제주올레 18코스,,,,,,,,,,,,,,,
1112도로,,,,,,,,,,,,,,,
조안베어뮤지엄,9:00,18:00,9:00,18:00,,,,,,,,,,,
예절이오름(여절악),,,,,,,,,,,,,,,
위미항,,,,,,,,,,,,,,,
성널오름 (성판악),,,,,,,,,,,,,,,
제주올레 19코스,,,,,,,,,,,,,,,
서귀포칠십리시공원,,,,,,,,,,,,,,,
성읍목장,,,,,,,,,,,,,,,
설오름,,,,,,,,,,,,,,,
평수포구,,,,,,,,,,,,,,,
밝은오름 (벌근오름),,,,,,,,,,,,,,,
돛오름,,,,,,,,,,,,,,,
성읍녹차마을,9:00,18:00,9:00,18:00,,,,,,,,,,,
제주올레 20코스,,,,,,,,,,,,,,,
제주4.3평화공원,9:00,17:30,9:00,17:30,,,,,,,,,,,
성불오름,,,,,,,,,,,,,,,
마방목지,,,,,,,,,,,,,,,
보롬이 오름,,,,,,,,,,,,,,,
제주컨트리클럽,,,,,,,,,,,,,,,
명월성지,,,,,,,,,,,,,,,
평화통일 불사리탑,,,,,,,,,,,,,,,
둔지봉,,,,,,,,,,,,,,,
한라수목원,9:00,18:00,9:00,18:00,,,2,y,y,y,y,n,n,y,"휠체어, 유모차"
세인트포골프장,,,,,,,,,,,,,,,
"더럭초등학교(구, 더럭분교)",18:00,,9:00,,,,,,,,,,,,
월대천,,,,,,,,,,,,,,,
중엄리새물,,,,,,,,,,,,,,,
용두암,0:00,0:00,0:00,0:00,,,3,y,n,y,y,n,n,n,-
차귀도 자구내포구,,,,,,,,,,,,,,,
"안세미 (명도오름,明道岳)",,,,,,,,,,,,,,,
보물섬하이킹,8:00,18:00,8:00,18:00,,,,,,,,,,,
부소악 (부소오름),,,,,,,,,,,,,,,
방선문,,,,,,,,,,,,,,,
법환포구,,,,,,,,,,,,,,,
월산봉,,,,,,,,,,,,,,,
이중섭거주지,,,,,,,,,,,,,,,
일출랜드,8:30,18:00,8:30,18:00,,,2,y,n,y,y,,y,y,"휠체어, 유모차"
"웃밤(웃바매기,웃밤오름)",,,,,,,,,,,,,,,
곤물,,,,,,,,,,,,,,,
한담해변,,,,,,,,,,,,,,,
마오름(한경),,,,,,,,,,,,,,,
유건에오름,,,,,,,,,,,,,,,
성읍승마장,9:00,18:00,9:00,18:00,,,,,,,,,,,
위미리 동백나무군락,,,,,,,,,,,,,,,
토끼섬,,,,,,,,,,,,,,,
엉또폭포,,,,,,,,,,,,,,,
알작지해변,,,,,,,,,,,,,,,
온평리 포구,,,,,,,,,,,,,,,
웃세오름(누운오름),,,,,,,,,,,,,,,
제지기오름,,,,,,,,,,,,,,,
가파초등학교 마라분교장,,,,,,,,,,,,,,,
성산항,,,,,,,,,,,,,,,
민오름(구좌읍),,,,,,,,,,,,,,,
선운정사,,,,,,,,,,,,,,,
수산저수지,,,,,,,,,,,,,,,
북오름 (鼓岳),,,,,,,,,,,,,,,
지그리오름 (큰지그리),,,,,,,,,,,,,,,
와흘본향당,,,,,,,,,,,,,,,
밝은오름 (명월오름),,,,,,,,,,,,,,,
제주동백수목원,9:30,17:00,9:30,17:00,,,,,,,,,,,
걸매생태공원,0:00,0:00,0:00,0:00,,,,,,,,,,,
제주교육박물관,9:00,18:00,9:00,18:00,,,1,y,y,y,y,n,n,y,"휠체어, 유모차"
독자봉,,,,,,,,,,,,,,,
간세공방,13:00,17:00,13:00,17:00,,,,,,,,,,,
돌미오름,,,,,,,,,,,,,,,
추자연도교,,,,,,,,,,,,,,,
동백동산,9:00,18:00,9:00,18:00,,,,,,,,,,,
제주목관아,9:00,18:00,9:00,18:00,,,1,y,n,y,y,n,n,y,휠체어
야무치 코퍼레이션,0:00,0:00,0:00,0:00,0:00,0:00,,,,,,,,,
1.11111E+21,0:00,0:00,0:00,0:00,0:00,0:00,,,,,,,,,
1.11111E+21,0:00,0:00,0:00,0:00,0:00,0:00,,,,,,,,,
234,0:00,0:00,0:00,0:00,0:00,0:00,,,,,,,,,
드라마월드,9:00,18:00,9:00,18:00,,,,,,,,,,,
제주 삼양동 유적,9:00,18:00,9:00,18:00,,,1,y,,y,y,,n,y,"휠체어, "
동검은이오름(거미오름),,,,,,,,,,,,,,,
다랑쉬오름(월랑봉),,,,,,,,,,,,,,,
아라리오뮤지엄동문모텔1,10:00,19:00,10:00,19:00,,,,,,,,,,,
장생의 숲길,,,,,,,,,,,,,,,
종달리전망대,,,,,,,,,,,,,,,
우도(해양도립공원),0:00,0:00,0:00,0:00,,,3,y,n,y,n,,n,y,
수월봉,0:00,0:00,0:00,0:00,,,3,n,,y,y,,n,,
"군산(군산오름,코메오름)",,,,,,,1,,,,,,,,
절부암,,,,,,,,,,,,,,,
금능포구,,,,,,,,,,,,,,,
산양곶자왈,9:00,17:00,9:00,17:00,,,,,,,,,,,
당오름(한경면),,,,,,,,,,,,,,,
야무치,0:00,0:00,0:00,0:00,0:00,0:00,,,,,,,,,
야무치,0:00,0:00,0:00,0:00,0:00,0:00,,,,,,,,,
기독교순례길 4코스(화해의길),,,,,,,,,,,,,,,
용눈이오름,,,,,,,,,,,,,,,
용담레포츠공원,,,,,,,,,,,,,,,
제주추사관,9:00,18:00,9:00,18:00,,,1,y,y,y,y,n,n,y,"휠체어, 유모차"
제주종합경기장,6:00,22:00,6:00,22:00,,,,,,,,,,,
제주항일기념관,9:00,18:00,9:00,18:00,,,2,y,n,y,n,n,n,y,점자책
함덕백사장 & 서우봉,,,,,,,,,,,,,,,
황우럭만화천국사회적협동조합,,,,,,,,,,,,,,,
탑동,,,,,,,,,,,,,,,
김녕해수욕장,,,,,,,,,,,,,,,
월평포구,,,,,,,,,,,,,,,
금덕무환자나무및팽나무군락,,,,,,,,,,,,,,,
월정리해안도로,,,,,,,,,,,,,,,
제주 더팔팔농장,6:30,19:00,6:30,19:00,,,,,,,,,,,
대천이오름,,,,,,,,,,,,,,,
비치미오름,,,,,,,,,,,,,,,
왈종미술관,9:30,18:30,9:30,18:30,,,,,,,,,,,
문섬(서귀포해양도립공원),,,,,,,,,,,,,,,
이레다원캠핑장,16:00,10:00,,,,,,,,,,,,,
제주국제공항,,,,,,,,,,,,,,,
마복이오름,,,,,,,,,,,,,,,
우도부릉부릉레져,,,,,,,,,,,,,,,
애월연대,,,,,,,,,,,,,,,
"골머리 (洞山, 笏頭岳, 아흔아홉골)",,,,,,,,,,,,,,,
중문컨트리클럽,,,,,,,,,,,,,,,
남두연대,,,,,,,,,,,,,,,
"천아오름(낭오름,天娥岳)",,,,,,,,,,,,,,,
더마카트,9:00,18:00,9:00,18:00,,,,,,,,,,,
한라승마장,9:00,17:00,9:00,17:00,,,,,,,,,,,
중문관광단지,,,,,,,,,,,,,,,
서귀포층패류화석산지,,,,,,,,,,,,,,,
김만덕기념관,9:00,17:00,9:00,17:00,,,1,y,n,y,y,n,n,y,"휠체어, 유모차"
"물메 (물미, 수산봉)",,,,,,,,,,,,,,,
밝은오름,,,,,,,,,,,,,,,
낙천리아홉굿의자마을,9:00,17:00,9:00,17:00,,,,,,,,,,,
신비의도로카트체험장,9:00,18:00,9:00,18:00,,,,,,,,,,,
지그리오름,,,,,,,,,,,,,,,
서귀다원,9:00,17:00,9:00,17:00,,,,,,,,,,,
김영수도서관,17:00,21:00,10:00,18:00,,,,,,,,,,,
애월환해장성,,,,,,,,,,,,,,,
로봇스퀘어[운영중단],10:00,18:30,10:00,18:30,,,,,,,,,,,
테우마을 수원리 농어촌체험마을,,,,,,,,,,,,,,,
용담/용두암 해안도로,,,,,,,,,,,,,,,
제주워터월드,9:00,20:00,9:00,20:00,,,,,,,,,,,
외돌개,,,,,,,,,,,,,,,
교래자연휴양림,,,,,,,,y,,y,y,,,,휠체어
"미악산 (오름, 쌀오름, 솔오름)",,,,,,,,,,,,,,,
갯깍주상절리,,,,,,,,,,,,,,,
밧돌오름,,,,,,,,,,,,,,,
북오름,,,,,,,,,,,,,,,
브릭캠퍼스,10:00,18:00,10:00,18:00,,,,,,,,,,,
초원승마장,9:30,18:30,9:30,18:30,,,,,,,,,,,
초콜릿랜드,10:00,18:00,10:00,18:00,,,,,,,,,,,
"알밤(알바매기, 알밤오름)",,,,,,,,,,,,,,,
성산·오조 지질트레일,,,,,,,,,,,,,,,
답다니탑망대,,,,,,,,,,,,,,,
검멀레동굴,,,,,,,,,,,,,,,
가새기오름,24:00:00,24:00:00,,,,,,,,,,,,,
연대포구,,,,,,,,,,,,,,,
노꼬메족은오름 (小鹿古山),,,,,,,,,,,,,,,
제주특별자치도 도립미술관,9:00,18:00,9:00,18:00,,,1,y,y,y,y,n,y,y,"휠체어, 유모차"
갓전시관[임시휴관중],10:00,17:00,10:00,17:00,,,2,y,n,y,y,n,n,y,"휠체어, 유모차,"
그린크루즈(산방산유람선),,,,,,,,,,,,,,,
조랑말체험공원,9:00,18:00,9:00,18:00,,,,,,,,,,,
조은승마장,9:00,18:00,9:00,18:00,,,,,,,,,,,
중문단지 축구장,,,,,,,,,,,,,,,
삼성혈,9:00,18:00,9:00,18:00,,,1,y,n,y,y,n,n,n,"휠체어, 유모차"
야무치,0:00,0:00,0:00,0:00,0:00,0:00,,,,,,,,,
야무치,0:00,0:00,0:00,0:00,0:00,0:00,,,,,,,,,
야무치,0:00,0:00,0:00,0:00,0:00,0:00,,,,,,,,,
우도산호해변 홍조단괴 서빈백사,,,,,,,,,,,,,,,
어승생,,,,,,,,,,,,,,,
연화못,,,,,,,,,,,,,,,
약천사,,,,,,,,,,,,,,,
쇠소깍,,,,,,,,,,,,,,,
제주올레 6코스,,,,,,,,,,,,,,,
제주올레 7코스,,,,,,,,,,,,,,,
세미오름(샘이오름),,,,,,,,,,,,,,,
제주올레 1코스,,,,,,,,,,,,,,,
제주올레 9코스,,,,,,,,,,,,,,,
제주국제컨벤션센터 icc,0:00,0:00,0:00,0:00,,,,,,,,,,,
제주돌문화공원,9:00,18:00,9:00,18:00,,,2,y,y,y,y,n,y,y,"휠체어, 유모차, '오백장군호' 전기셔틀카 *별도 이용요금 발생, 유모차(3대) 및 휠체어(3대) 무료대여 / 물품보관소: 무료(약 40~50개)"
무릉곶자왈,,,,,,,,,,,,,,,
제주대학교병원,9:00,18:00,,,,,,,,,,,,,
김영갑갤러리 두모악,,,,,,,1,y,,y,y,,n,y,"휠체어, 유모차 등"
THE WE,9:00,18:00,,,,,,,,,,,,,
제주 패러글라이딩 스쿨,10:00,16:00,10:00,16:00,,,,,,,,,,,
신양섭지해수욕장,,,,,,,,,,,,,,,
조천만세동산,,,,,,,,,,,,,,,
중문골프장,9:00,18:00,9:00,18:00,,,,,,,,,,,
(주)제주해양레저 투명카약,9:00,18:00,9:00,18:00,,,,,,,,,,,
단산(바굼지오름),0:00,24:00:00,0:00,24:00:00,,,,,,,,,,,
알프스승마장포니,9:00,18:00,9:00,18:00,,,,,,,,,,,
야무치,0:00,0:00,0:00,0:00,0:00,0:00,,,,,,,,,
야무치,0:00,0:00,0:00,0:00,0:00,0:00,,,,,,,,,
야무치,0:00,0:00,0:00,0:00,0:00,0:00,,,,,,,,,
야무치 코퍼레이션,0:00,0:00,0:00,0:00,0:00,0:00,,,,,,,,,
야무치 코퍼레이션,0:00,0:00,0:00,0:00,0:00,0:00,,,,,,,,,
조천중학원 옛터,,,,,,,,,,,,,,,
만벵듸 공동장지,,,,,,,,,,,,,,,
제주올레 7-1코스,,,,,,,,,,,,,,,
박물관은 살아있다,10:00,19:00,10:00,19:00,,,1,y,n,y,y,n,n,y,"휠체어, 유모차"
페인터즈:히어로 제주,17:00,20:00,17:00,20:00,,,,y,y,y,y,y,y,y,
넥슨컴퓨터박물관,10:00,18:00,10:00,18:00,,,1,y,y,y,y,,n,y,x
제주러브랜드,9:00,22:00,9:00,22:00,,,2,y,n,y,y,,n,y,"휠체어, 유모차, "
오조포구,,,,,,,,,,,,,,,
산천단곰솔,9:00,17:30,9:00,17:30,,,,,,,,,,,
표선도서관,,,,,,,,,,,,,,,
도두항,,,,,,,,,,,,,,,
가뫼물,9:00,18:00,9:00,18:00,,,,,,,,,,,
반 고흐 인사이드,10:00,19:00,,,,,,,,,,,,,
수월이못,,,,,,,,,,,,,,,
야무치,0:00,0:00,0:00,0:00,0:00,0:00,,,,,,,,,
야무치,0:00,0:00,0:00,0:00,0:00,0:00,,,,,,,,,
익스트림제주 카약올레,10:00,19:00,10:00,19:00,,,,,,,,,,,
5.16도로숲터널,,,,,,,,,,,,,,,
"걸서악 (동걸세, 걸세오름, 걸시오름)",,,,,,,,,,,,,,,
우도등대,,,,,,,,,,,,,,,
믿거나말거나박물관 제주,9:00,18:00,9:00,18:00,,,1,y,y,y,n,n,n,y,"휠체어, 유모차"
농업회사법인(주)태반의땅제주,9:00,18:00,9:00,18:00,,,,,,,,,,,
애월한담해안산책로,,,,,,,,,,,,,,,
dfdsfs,0:00,0:00,1:30,0:00,1:30,0:00,,,,,,,,,
해품은체험농장,9:00,19:00,9:00,19:00,,,,,,,,,,,
조천함덕해안도로,,,,,,,,,,,,,,,
골프탕탕,9:00,22:00,9:00,22:00,,,,,,,,,,,
가파도 마라도 정기여객선,9:00,18:00,9:00,18:00,,,,,,,,,,,
dfdsfs,0:00,0:00,1:30,0:00,1:30,0:00,,,,,,,,,
조천비석거리,,,,,,,,,,,,,,,
제주플래티늄카라반,,,,,,,,,,,,,,,
우도 비양도,,,,,,,,,,,,,,,
두멩이골목,,,,,,,,,,,,,,,
용두암해안도로카페거리,,,,,,,,,,,,,,,
금능석물원,8:30,17:00,8:30,17:00,,,,,,,,,,,
비양도의 비양나무자생지,,,,,,,,,,,,,,,
제주옹기굴제,,,,,,,,,,,,,,,
3453,0:00,0:00,0:00,0:00,0:00,0:00,,,,,,,,,
tttttttttttttttttttttttttttttttt,0:00,0:00,0:00,0:00,0:00,0:00,,,,,,,,,
시크릿가든촬영지,,,,,,,,,,,,,,,
서귀포유람선,11:30,15:20,11:30,15:20,,,,,,,,,,,
자구내포구,,,,,,,,,,,,,,,
거문오름(UNESCO 세계자연유산),9:00,13:00,9:00,13:00,,,,,,,,,,,
걸매축구장,,,,,,,,,,,,,,,
산방산 수국,,,,,,,,,,,,,,,
dfdsfs,0:00,0:00,0:00,0:00,0:00,0:00,,,,,,,,,
제주올레 16코스,,,,,,,,,,,,,,,
성굽길,,,,,,,,,,,,,,,
함덕야영장,,,,,,,,,,,,,,,
건강과성박물관,9:00,20:00,9:00,20:00,,,1,y,y,y,y,n,n,y,"휠체어(2대)및 유모차(3대)무료대여 물품보관함 무료(20개,캐리어 사무실 보관가능)/"
제주센트럴파크,9:00,18:00,9:00,18:00,,,1,y,n,n,n,n,n,y,"휠체어, 유모차"
김녕금속공예벽화마을,,,,,,,,,,,,,,,
방주교회,9:00,17:00,9:00,17:00,,,,,,,,,,,
김경숙해바라기농장,9:00,19:00,9:00,19:00,,,,,,,,,,,
온평리 환해장성,,,,,,,,,,,,,,,
용수항,,,,,,,,,,,,,,,
서부두명품횟집거리(삭제콘텐츠),,,,,,,,,,,,,,,
올레여행자센터,8:00,22:00,8:00,22:00,,,,,,,,,,,
코코몽 에코파크,,,,,,,,,,,,,,,
상효원,9:00,19:00,9:00,19:00,,,2,y,n,y,y,n,n,y,"휠체어, 유모차"
하모씨워킹,,,,,,,,,,,,,,,
제주올레 17코스,,,,,,,,,,,,,,,
동복환해장성,,,,,,,,,,,,,,,
아라리오뮤지엄탑동시네마,10:00,19:00,10:00,19:00,,,1,n,y,y,y,,n,y,
장전리 벚꽃축제길,,,,,,,,,,,,,,,
성읍마을,0:00,0:00,0:00,0:00,,,1,y,,y,y,,n,,-
사려니숲길,,,,,,,,,,,,,,,
산방산 랜드,9:00,18:00,9:00,18:00,,,,,,,,,,,
협재해수욕장,,,,,,,,,,,,,,,
남원종합경기장,6:00,22:00,6:00,22:00,,,,,,,,,,,
아쿠아플라넷 제주,9:30,19:00,9:30,19:00,,,1,y,y,y,y,y,y,y,"휠체어, 유모차 등"
사라오름,,,,,,,,,,,,,,,
삼의양오름,,,,,,,,,,,,,,,
새섬,,,,,,,,,,,,,,,
새연교,,,,,,,,,,,,,,,
탑동해변공연장,,,,,,,,,,,,,,,
제주하늘을날다(패러글라이딩),10:00,18:00,10:00,18:00,,,,,,,,,,,
오설록티뮤지엄,9:00,18:00,9:00,18:00,,,2,y,y,y,n,,n,y,"■ 휠체어, ■ 유모차 "
서귀포 궁도장(천지정),6:00,22:00,6:00,22:00,,,,,,,,,,,
제주항공우주박물관,9:00,18:00,9:00,18:00,,,,y,y,y,y,y,y,y,■휠체어 ■ 유모차
제주향교,,,,,,,,,,,,,,,
세화해변,,,,,,,,,,,,,,,
큰사슴이오름,,,,,,,,,,,,,,,
모슬포항,,,,,,,,,,,,,,,
송계순집터,,,,,,,,,,,,,,,
이상한 나라의 앨리스,9:00,17:00,9:00,17:00,,,,,,,,,,,
김녕해수욕장야영장,,,,,,,,,,,,,,,
이호테우말등대,,,,,,,,,,,,,,,
체오름,,,,,,,,,,,,,,,
비양봉,,,,,,,,,,,,,,,
에버리스 골프리조트,6:00,20:30,6:00,20:30,,,,,,,,,,,
거친오름,9:00,18:00,9:00,18:00,,,,,,,,,,,
본지오름,,,,,,,,,,,,,,,
거린오름 (북오름),,,,,,,,,,,,,,,
"무악(개오름,오름,무오름)",,,,,,,,,,,,,,,
"자배봉(자배오름,망오름)",,,,,,,,,,,,,,,
월정리 카약체험장,,,,,,,,,,,,,,,
"당산봉(당오름,차귀오름)",,,,,,,,,,,,,,,
발이오름,,,,,,,,,,,,,,,
환상숲 곶자왈공원,9:00,18:00,,,,,,,,,,,,,
아끈다랑쉬,,,,,,,,,,,,,,,
"돈두미오름(돈도름,돈대미)",,,,,,,,,,,,,,,
마린파크,9:30,18:30,9:30,18:30,,,1,y,y,y,y,n,y,y,-
도리미오름,,,,,,,,,,,,,,,
상추자포구,,,,,,,,,,,,,,,
신대산전망대,,,,,,,,,,,,,,,
동굴의 다원 다희연,9:00,18:00,9:00,18:00,,,,,,,,,,,
들리오름 (들위오름),,,,,,,,,,,,,,,
검은오름,,,,,,,,,,,,,,,
제주세계자연유산센터,9:00,18:00,9:00,18:00,,,1,y,y,y,y,n,y,y,"휠체어, 유모차"
맬튼개 갯담,,,,,,,,,,,,,,,
서커스월드공연장,10:30,16:30,10:30,16:30,,,1,y,n,y,y,y,n,y,"휠체어, 유모차"
도두봉,,,,,,,,,,,,,,,
하귀해안도로,,,,,,,,,,,,,,,
제주바다체험장,10:00,17:00,10:00,17:00,,,,,,,,,,,
제주별빛누리공원[제한적운영중],,,,,,,,y,y,y,y,n,y,y,"휠체어, 유모차 등"
하고수동해변,,,,,,,,,,,,,,,
붉은오름(성산읍),,,,,,,,,,,,,,,
dfdsfs,0:00,0:00,1:30,0:00,1:30,0:00,,,,,,,,,
dfdsfs,0:00,0:00,1:30,0:00,1:30,0:00,,,,,,,,,
중문미로파크,9:00,18:00,9:00,18:00,,,,,,,,,,,
소암현중화기념관,9:00,17:30,9:00,17:30,,,1,y,y,y,y,,n,y,"휠체어, 유모차 등"
우도해운 / 우도 가는 배,,,,,,,,,,,,,,,
라온승마클럽,9:00,17:00,9:00,17:00,,,,,,,,,,,
이니스프리제주하우스,9:00,18:00,9:00,18:00,,,,,,,,,,,
파파월드,10:00,18:00,10:00,18:00,,,,,,,,,,,
마라도(마라해양도립공원),,,,,,,,,,,,,,,
퍼시픽 리솜 요트투어 샹그릴라,9:40,17:00,9:40,17:00,,,2,,,,,,,,
빈네오름,,,,,,,,,,,,,,,
제주힐링명상센터,9:00,18:00,9:00,18:00,,,,,,,,,,,
렛츠런팜제주,9:00,18:00,9:00,18:00,,,,,,,,,,,
삼바 두 브라질,,,,,,,,,,,,,,,
제주랜드ATV,9:00,17:00,9:00,17:00,,,,,,,,,,,
아날로그감귤밭,10:00,18:00,10:00,18:00,,,,,,,,,,,
산굼부리,9:00,18:00,9:00,18:00,,,3,y,n,y,y,n,n,y,휠체어
용머리해안,9:00,17:00,9:00,17:00,,,,y,n,y,y,n,n,y,
제주김녕미로공원,,,,,,,1,y,,y,y,,n,y,"휠체어, 유모차,"
걸시오름,,,,,,,,,,,,,,,
사계해변,,,,,,,,,,,,,,,
세계조가비박물관,9:00,18:00,9:00,18:00,,,1,n,n,n,n,,n,y,
올레캠프 본점 알파캠프,0:00,0:00,0:00,0:00,,,2,,,,,,,,
상여오름,,,,,,,,,,,,,,,
평대해변,,,,,,,,,,,,,,,
쇠소깍해변,,,,,,,,,,,,,,,
한림공원,,,,,,,1,y,,y,y,,n,y,"■ 휠체어, ■유모차"
스프링데일CC,6:30,14:30,6:30,14:30,,,,,,,,,,,
신비의도로,0:00,0:00,0:00,0:00,,,,y,,y,y,,n,,-
제주올레 4코스,,,,,,,,,,,,,,,
우도박물관,,,,,,,,,,,,,,,
노을승마장,,,,,,,,,,,,,,,
토산봉(망오름),,,,,,,,,,,,,,,
수목원테마파크,8:30,21:00,8:30,21:00,,,,y,y,y,y,,n,y,"휠체어, 유모차"
바람모루,,,,,,,,,,,,,,,
서귀포해안,,,,,,,,,,,,,,,
설오름(서리오름),,,,,,,,,,,,,,,
하도해변,,,,,,,,,,,,,,,
제주올레 1-1코스,,,,,,,,,,,,,,,
성진이오름(개오름),,,,,,,,,,,,,,,
섶섬(서귀포해양도립공원),,,,,,,,,,,,,,,
세계자동차 & 피아노박물관,9:00,18:00,9:00,18:00,,,1,y,y,y,y,y,n,y,"휠체어, 유모차 등"
2342342,0:00,0:00,0:00,0:00,0:00,0:00,,,,,,,,,
한라생태숲,9:00,18:00,9:00,18:00,,,2,y,y,y,y,n,y,y,"휠체어, 유모차 등"
휴애리 자연생활공원,9:00,18:00,9:00,18:00,,,1,y,,y,y,,y,y,"휠체어, 유모차, "
더데오름(가가악),,,,,,,,,,,,,,,
대정해변(하모해변),,,,,,,,,,,,,,,
돔베낭골,,,,,,,,,,,,,,,
톨칸이,,,,,,,,,,,,,,,
제주절물자연휴양림,,,,,,,3,y,,y,y,,y,y,"휠체어, 유모차, "
라온골프클럽,8:30,17:30,8:30,17:30,,,,,,,,,,,
만장굴,9:00,18:00,9:00,18:00,,,,,,,,,,,
산천단,8:30,18:00,8:30,18:00,,,,,,,,,,,
형제해안로전망대,,,,,,,,,,,,,,,
형제섬,,,,,,,,,,,,,,,
돈내코,,,,,,,,,,,,,,,
234,0:00,0:00,0:00,0:00,0:00,0:00,,,,,,,,,
234,0:00,0:00,0:00,0:00,0:00,0:00,,,,,,,,,
234,0:00,0:00,0:00,0:00,0:00,0:00,,,,,,,,,
234,0:00,0:00,0:00,0:00,0:00,0:00,,,,,,,,,
234,0:00,0:00,0:00,0:00,0:00,0:00,,,,,,,,,
234,0:00,0:00,0:00,0:00,0:00,0:00,,,,,,,,,
234,0:00,0:00,0:00,0:00,0:00,0:00,,,,,,,,,
세미오름(삼의양오름),,,,,,,,,,,,,,,
지미봉,,,,,,,,,,,,,,,
두산봉(말미오름),,,,,,,,,,,,,,,
신흥2리 동백마을,9:00,17:00,,,,,,,,,,,,,
단산과 방사탑,,,,,,,,,,,,,,,
오백나한,,,,,,,,,,,,,,,
주식회사 비스듬히,11:00,17:00,11:00,17:00,,,1,,,,,,,,
세미소(세미소오름),,,,,,,,,,,,,,,
"생기악 (생기오름, 생길이오름)",,,,,,,,,,,,,,,
마라도성당,,,,,,,,,,,,,,,
제주라프 짚라인,9:00,18:00,9:00,18:00,,,,,,,,,,,
초콜릿박물관,10:30,17:00,10:30,17:00,,,,y,n,y,y,,n,y,"휠체어, 유모차"
제주조천스위스마을,,,,,,,,,,,,,,,
화북비석거리,,,,,,,,,,,,,,,
고산일과해안도로,,,,,,,,,,,,,,,
민오름(봉개동),,,,,,,,,,,,,,,
추사 유배길 - 1코스 집념의 길,,,,,,,,,,,,,,,
연북정,,,,,,,,,,,,,,,
저지 예술인 마을,,,,,,,,,,,,,,,
이승이오름(이승악),,,,,,,,,,,,,,,
한국병원,9:00,17:00,,,,,,,,,,,,,
이랜드뮤지엄,9:00,18:00,9:00,18:00,,,,,,,,,,,
납읍난대림 금산공원,,,,,,,,,,,,,,,
대록산(큰사슴이),,,,,,,,,,,,,,,
마라도기원정사,,,,,,,,,,,,,,,
섯알오름,,,,,,,,,,,,,,,
사려니오름,,,,,,,,,,,,,,,
동계 정온 유허비,,,,,,,,,,,,,,,
모지오름,,,,,,,,,,,,,,,
삼의봉,,,,,,,,,,,,,,,
냇길이소,,,,,,,,,,,,,,,
황금굴(한림공원),,,,,,,,,,,,,,,
영천악(영천오름),,,,,,,,,,,,,,,
정물오름,,,,,,,,,,,,,,,
당오름,,,,,,,,,,,,,,,
"대수산봉(큰물뫼,물미오름)",,,,,,,,,,,,,,,
원수악,,,,,,,,,,,,,,,
세화해안도로,,,,,,,,,,,,,,,
용연,,,,,,,,,,,,,,,
밧세미 (밭생이),,,,,,,,,,,,,,,
석부작박물관,8:30,17:30,8:30,17:30,,,,,,,,,,,
안덕계곡,,,,,,,,,,,,,,,
천주교길 정난주길(고통의길),,,,,,,,,,,,,,,
신양연안바다목장,,,,,,,,,,,,,,,
함덕해수욕장,,,,,,,,,,,,,,,
돔배오름,,,,,,,,,,,,,,,
그리스신화박물관 / 트릭아이미술관,9:00,18:00,9:00,18:00,,,1,y,,y,y,,n,y,"휠체어, 유모차, "
화순금모래해수욕장,,,,,,,,,,,,,,,
쇠머리오름(우도봉),,,,,,,,,,,,,,,
정의현 일관헌,,,,,,,,,,,,,,,
광치기해변,,,,,,,,,,,,,,,
허브동산 미디어 파사드 (media facade),9:00,22:00,,,,,,,,,,,,,
렛츠런팜 양귀비꽃,,,,,,,,,,,,,,,
알뜨르비행장,,,,,,,,,,,,,,,
감귤박물관,9:00,18:00,9:00,18:00,,,1,y,y,y,y,,y,y,"휠체어, 유모차, "
한라산어리목코스,,,,,,,,,,,,,,,
노리매공원,9:00,18:00,9:00,18:00,,,1,y,y,y,n,y,y,y,"■ 휠체어, ■ 유모차 "
애월 한담 카약,,,,,,,,,,,,,,,
제주성지,,,,,,,,,,,,,,,
제주평화박물관(전쟁평화박물관)[휴관중],8:30,17:00,8:30,17:00,,,2,n,,y,y,,n,y,
어승생승마장 Horseland Jeju,9:00,18:00,9:00,18:00,,,,,,,,,,,
해맞이해안로,,,,,,,,,,,,,,,
천지연기정길,,,,,,,,,,,,,,,
벨리타,14:00,11:00,14:00,11:00,,,,,,,,,,,
민속자연사박물관,9:00,18:00,9:00,18:00,,,2,y,y,y,y,y,y,y,"휠체어, 유모차"
세화항,,,,,,,,,,,,,,,
야몬딱털장,,,,,,,,,,,,,,,
누웨마루거리(구 바오젠),,,,,,,,,,,,,,,
거슨새미오름,,,,,,,,,,,,,,,
알진오름(안친오름),,,,,,,,,,,,,,,
문석이오름,,,,,,,,,,,,,,,
제주신영영화박물관 무비스타,10:00,18:00,10:00,18:00,,,,,,,,,,,
제주쥬티클럽,10:00,17:00,10:00,17:00,,,,,,,,,,,
두맹이골목,,,,,,,,,,,,,,,
이중섭미술관,9:30,17:30,,,,,,y,y,y,y,n,n,y,"휠체어, 유모차 등"
돌하르방 캠핑장,14:00,12:00,,,,,,,,,,,,,
산지등대,,,,,,,,,,,,,,,
사라봉공원,,,,,,,,,,,,,,,
새별오름,,,,,,,,,,,,,,,
알오름(성산읍),,,,,,,,,,,,,,,
상추자마을길,,,,,,,,,,,,,,,
말이달리는밤에,,,,,,,,,,,,,,,
아라고나이트 온천(디아넥스호텔),9:00,21:00,9:00,21:00,,,,,,,,,,,
머체오름 (마체오름),,,,,,,,,,,,,,,
한림해안도로,,,,,,,,,,,,,,,
제주 카카오캠핑,9:00,18:00,9:00,18:00,,,,,,,,,,,
비체올린,8:40,18:00,8:40,18:00,,,,,,,,,,,
토이파크,9:00,20:00,9:00,20:00,,,2,y,n,n,n,n,n,y,-
백조일손지묘(백조일손지지),,,,,,,,,,,,,,,
점보빌리지,10:00,17:30,10:00,17:30,,,1,y,n,y,n,y,n,y,-
제주유리박물관,10:00,21:00,10:00,21:00,,,2,y,n,n,n,n,n,y,"휠체어, 유모차"
청아투명카약,9:30,18:30,9:30,18:30,,,1,,,,,,,,
로즈오닐과 앤티크큐피 전시관,9:00,18:00,,,,,,,,,,,,,
제주레일바이크,9:00,17:30,9:00,17:30,,,3,y,n,n,n,n,n,y,-
에코랜드 테마파크,,,,,,,3,y,n,y,y,n,n,y,"휠체어, 유모차"
애월해안도로,,,,,,,,,,,,,,,
신도포구,,,,,,,,,,,,,,,
무수천,,,,,,,,,,,,,,,
웰컴테마파크,6:00,22:00,7:00,23:00,0:00,0:00,2,,,,,,,,
sdsdasd,0:00,0:00,0:00,0:00,,,,,,,,,,,
상호명 입니다.,0:00,0:00,0:00,0:00,,,,,,,,,,,
상호명 입니다2,0:00,0:00,0:00,0:00,,,,,,,,,,,
수월봉 지질트레일,,,,,,,,,,,,,,,
베릿네오름,,,,,,,,,,,,,,,
차귀도요트,9:00,18:30,9:00,18:30,,,,,,,,,,,
항파두리항몽유적지,9:00,18:00,9:00,18:00,,,1,y,,y,y,,n,y,"휠체어, 유모차, "
혼인지,8:00,17:00,8:00,17:00,,,3,n,,y,y,,n,n,
미천굴,8:30,18:00,8:30,18:00,,,,,,,,,,,
돈대산산림휴양산책로,,,,,,,,,,,,,,,
협재굴(한림공원),,,,,,,,,,,,,,,
성산포항,,,,,,,,,,,,,,,
바이나흐튼 크리스마스 박물관,10:30,18:00,10:30,18:00,,,,,,,,,,,
원당봉,,,,,,,,,,,,,,,
방일리공원,,,,,,,,,,,,,,,
세리월드 테마파크,9:00,18:00,9:00,18:00,,,1,y,n,y,y,n,n,y,"휠체어, 유모차"
"보롬이(하논, 화구구)",,,,,,,,,,,,,,,
월령포구,,,,,,,,,,,,,,,
탐나라공화국(제주남이섬),10:00,18:00,10:00,18:00,,,,,,,,,,,
돔박이오름 (동박악),,,,,,,,,,,,,,,
장미빛축제,17:00,23:00,,,,,,,,,,,,,
엉덩물계곡,,,,,,,,,,,,,,,
제주다원 녹차미로공원,9:00,18:00,9:00,18:00,,,,,,,,,,,
말찻,,,,,,,,,,,,,,,
까망고띠,9:00,20:00,9:00,20:00,,,,,,,,,,,
이스렁오름,,,,,,,,,,,,,,,
제주불교성지 순례길 절로 가는길 - 보시의 길,,,,,,,,,,,,,,,
제주문예회관,,,,,,,,,,,,,,,
제주올레 2코스,,,,,,,,,,,,,,,
방일봉 (방일이동산),,,,,,,,,,,,,,,
성읍랜드,,,,,,,,,,,,,,,
각시바우오름,,,,,,,,,,,,,,,
33333,0:00,0:00,0:00,0:00,,,,,,,,,,,
월나봉(도래오름),,,,,,,,,,,,,,,
아라리오뮤지엄동문모텔2,10:00,19:00,10:00,19:00,,,,,,,,,,,
가문이오름(감은이오름),,,,,,,,,,,,,,,
현사포구,,,,,,,,,,,,,,,
부대악오름,,,,,,,,,,,,,,,
제주불교성지 순례길 절로 가는길 - 지계의 길,,,,,,,,,,,,,,,
번널오름 (벌판악),,,,,,,,,,,,,,,
들렁모루 산책길,,,,,,,,,,,,,,,
가세오름,,,,,,,,,,,,,,,
북돌아진오름,,,,,,,,,,,,,,,
곽지해수욕장,,,,,,,,,,,,,,,
갑선이오름,,,,,,,,,,,,,,,
닭머르해안길,,,,,,,,,,,n,,,,
"봉아오름(봉개오름,봉아름,붉은오름)",,,,,,,,,,,,,,,
기독교순례길 2코스(순교의길),,,,,,,,,,,,,,,
가메오름,,,,,,,,,,,,,,,
렛츠런파크,9:30,18:00,9:30,18:00,,,1,y,y,y,y,y,y,y,"■ 휠체어 ■유모차, ■ 전동휠체어 배터리 충전기 "
귤밭76번지,10:00,16:00,10:00,16:00,,,,,,,,,,,
별도봉,,,,,,,,,,,,,,,
신창~차귀해안도로,,,,,,,,,,,,,,,
관덕정,9:00,18:00,9:00,18:00,,,,,,,,,,,
제주허브동산,9:00,22:00,9:00,22:00,,,2,y,,y,y,,y,y,"휠체어, 유모차, "
소인국테마파크,9:00,18:00,9:00,18:00,,,1,y,n,y,y,n,n,y,"휠체어, 유모차."
국립제주박물관,10:00,18:00,10:00,18:00,,,1,y,y,y,y,y,y,y,"휠체어, 유모차 "
한남의숙터,,,,,,,,,,,,,,,
서복전시관,9:00,18:00,9:00,18:00,,,1,y,n,y,y,n,n,n,"퓔체어, 유모차"
중문진실캠핑장,15:00,12:00,15:00,12:00,,,,,,,,,,,
절물오름(큰대나),,,,,,,,,,,,,,,
낙선동 4.3성,,,,,,,,,,,,,,,
서우봉,,,,,,,,,,,,,,,
삼화포구,,,,,,,,,,,,,,,
금능해수욕장,,,,,,,,,,,,,,,
dfds,0:00,0:00,0:00,0:00,,,,,,,,,,,
명월팽나무군락,,,,,,,,,,,,,,,
여문영아리,,,,,,,,,,,,,,,
개오리오름,,,,,,,,,,,,,,,
예래해안도로,,,,,,,,,,,,,,,
아부오름,,,,,,,,,,,,,,,
제주불교성지 순례길 절로 가는길 - 정진의 길,,,,,,,,,,,,,,,
민오름(오라동),,,,,,,,,,,,,,,
개오름,,,,,,,,,,,,,,,
제주불교성지 순례길 절로 가는길 - 인욕의 길,,,,,,,,,,,,,,,
이달봉,,,,,,,,,,,,,,,
이호테우해수욕장_old,,,,,,,,,,,,,,,
제주공룡랜드,,,,,,,2,y,,y,y,,y,n,"휠체어, 유모차, "
월령선인장군락지,,,,,,,,,,,,,,,
월정리해변,,,,,,,,,,,,,,,
하멜기념비,,,,,,,,,,,,,,,
한림항,,,,,,,,,,,,,,,
서귀포천문과학문화관,14:00,22:00,14:00,22:00,,,,y,y,y,y,y,n,y,"휠체어, 유모차"
선족이오름(알선족이),,,,,,,,,,,,,,,
곶자왈,,,,,,,,,,,,,,,
선녀와나무꾼,9:00,18:00,9:00,18:00,,,1,y,n,y,y,n,n,y,"휠체어, 유모차"
하도리 철새도래지,,,,,,,,,,,,,,,
dfds,0:00,0:00,0:00,0:00,,,,,,,,,,,
한라산국립공원,,,,,,,,,,,,,,,
강정천유원지,,,,,,,,,,,,,,,
제주올레 15-B코스,,,,,,,,,,,,,,,
한라감귤체험농원(체험운영안함),9:00,16:00,9:00,16:00,,,,,,,,,,,
관음사,,,,,,,,,,,,,,,
도순다원,,,,,,,,,,,,,,,
구좌해안로,,,,,,,,,,,,,,,
백록담,,,,,,,,,,,,,,,
서귀포항,,,,,,,,,,,,,,,
한라산단풍트래킹,,,,,,,,,,,,,,,
돌빛나예술학교,9:00,18:00,9:00,18:00,,,,,,,,,,,
234242424,0:00,0:00,0:00,0:00,,,,,,,,,,,
234242424,0:00,0:00,0:00,0:00,,,,,,,,,,,
돈대산,,,,,,,,,,,,,,,
종달리해안도로,,,,,,,,,,,,,,,
도두해안도로,,,,,,,,,,,,,,,
제주커피박물관 바움 Baum,9:15,18:15,9:15,18:15,,,,,,,,,,,
아이리스촬영지(하얀등대),,,,,,,,,,,,,,,
지니어스 로사이,9:00,18:00,9:00,18:00,,,,,,,,,,,
제주올레 18-1코스,,,,,,,,,,,,,,,
주상절리대(중문대포해안),,,,,,,2,y,n,y,y,n,n,y,"휠체어, 유모차"
폴리파크카라반,,,,,,,,,,,,,,,
원앙카라반캠핑장앤야영장,,,,,,,,,,,,,,,
상추자항,,,,,,,,,,,,,,,
모진이몽돌해변,,,,,,,,,,,,,,,
묵리해안포구,,,,,,,,,,,,,,,
성산일출봉(UNESCO 세계자연유산),7:00,19:00,7:00,19:00,,,3,y,,y,y,,y,y,휠체어
묵리마을,,,,,,,,,,,,,,,
추자도등대,,,,,,,,,,,,,,,
올레크루즈,10:00,17:30,10:00,17:30,,,,,,,,,,,
추자등대,,,,,,,,,,,,,,,
예초리기정길,,,,,,,,,,,,,,,
섬생이,,,,,,,,,,,,,,,
서광승마장,9:30,17:30,9:30,17:30,,,,,,,,,,,
234234,0:00,0:00,0:00,0:00,,,,,,,,,,,
2342,0:00,0:00,0:00,0:00,,,,,,,,,,,
봉글레산,,,,,,,,,,,,,,,
나바론절벽,,,,,,,,,,,,,,,
약천사 템플스테이,,,,,,,,,,,,,,,
해거름전망대,,,,,,,,,,,,,,,
남원 수국길,,,,,,,,,,,,,,,
생이기정,,,,,,,,,,,,,,,
윗세오름(웃세오름),,,,,,,,,,,,,,,
원앙폭포,,,,,,,,,,,,,,,
소천지,,,,,,,,,,,,,,,
세계술박물관,9:00,18:00,9:00,18:00,,,1,y,,y,y,,n,y,"휠체어, 유모차, "
곽지패총,,,,,,,,,,,,,,,
한모살 (표선백사장),,,,,,,,,,,,,,,
광령귤나무,,,,,,,,,,,,,,,
창고천생태공원,,,,,,,,,,,,,,,
화순곶자왈생태탐방숲길,,,,,,,1,y,y,y,y,,n,y,휠체어
돈내코유원지,,,,,,,,,,,,,,,
무릉도원마을,9:00,18:00,,,,,,,,,,,,,
종달리해변,,,,,,,,,,,,,,,
대한민국최남단기념비/ 마라도 기념비,,,,,,,,,,,,,,,
제주올레 14-1코스,,,,,,,,,,,,,,,
제주올레 14코스,,,,,,,,,,,,,,,
섬속의섬우도렌트,,,,,,,,,,,,,,,
귤빛캠핑장,,,,,,,,,,,,,,,
열리해안길,,,,,,,,,,,,,,,
동산농원 딸기체험장,9:00,18:00,9:00,18:00,,,,,,,,,,,
승마마을 청수리 농어촌체험마을,,,,,,,,,,,,,,,
가파도,,,,,,,,,,,,,,,
조수리 농어촌체험마을,,,,,,,,,,,,,,,
추사적거지,9:00,18:00,9:00,18:00,,,,,,,,,,,
제주대학교 가는길,,,,,,,,,,,,,,,
2334,0:00,0:00,0:00,0:00,,,,,,,,,,,
산지항 옛터,,,,,,,,,,,,,,,
자리왓,,,,,,,,,,,,,,,
산지천,,,,,,,,,,,,,,,
구엄리돌염전,,,,,,,,,,,,,,,
마라도관광쉼터,,,,,,,,,,,,,,,
우도천진항,,,,,,,,,,,,,,,
제주올레 3코스,,,,,,,,,,,,,,,
234,0:00,0:00,0:00,0:00,,,,,,,,,,,
제주도립김창열미술관,9:00,18:00,9:00,18:00,,,2,y,n,y,y,,n,y,■휠체어 ■유모차
성김대건신부표착기념관,9:00,18:00,9:00,18:00,,,,,,,,,,,
제주올레 10코스,,,,,,,,,,,,,,,
다랑쉬굴,,,,,,,,,,,,,,,
월라봉(효돈),,,,,,,,,,,,,,,
234242424,0:00,0:00,0:00,0:00,,,,,,,,,,,
234242424,0:00,0:00,0:00,0:00,,,,,,,,,,,
피규어뮤지엄 제주,9:00,18:00,9:00,18:00,,,,,,,,,,,
포레스트 판타지아,9:00,23:00,,,,,,,,,,,,,
제주올레 5코스,,,,,,,,,,,,,,,
서광리 곶자왈생태탐방로,,,,,,,,,,,,,,,
금붕사,,,,,,,,,,,,,,,
신산신양해안도로 (해산물),,,,,,,,,,,,,,,
제주올레 13코스,,,,,,,,,,,,,,,
천왕사,,,,,,,,,,,,,,,
ㅈㄱㅈㄱ,0:00,0:00,0:00,0:00,,,,,,,,,,,
324234,0:00,0:00,0:00,0:00,,,,,,,,,,,
신화테마파크,10:00,20:00,10:00,20:00,,,2,y,,y,y,,,y,"다양한 놀이기구, 어트랙션, VR체험, 레스토랑, 스낵바, 기념품점 등"
제주올레 8코스,,,,,,,,,,,,,,,
234242424,0:00,0:00,0:00,0:00,,,,,,,,,,,
천제연폭포,9:00,18:00,9:00,18:00,,,,,,,,,,,
다끄네포구(용담포구),,,,,,,,,,,,,,,
곽지해수욕장야영장,,,,,,,,,,,,,,,
우도봉 풍경,,,,,,,,,,,,,,,
뒤굽은이오름,,,,,,,,,,,,,,,
갑자기 히어로즈 벽화길,,,,,,,,,,,,,,,
오림반,,,,,,,,,,,,,,,
대평포구,,,,,,,,,,,,,,,
2342342,0:00,0:00,0:00,0:00,,,,,,,,,,,
자구리공원,,,,,,,,,,,,,,,
참살이마을 명도암 농어촌체험마을,,,,,,,,,,,,,,,
플레이케이팝,9:00,19:00,9:00,19:00,,,,y,y,y,n,,y,y,"휠체어, 유모차"
제주국제공항(정뜨르비행장),,,,,,,,,,,,,,,
제주스쿠터여행,8:00,19:00,8:00,19:00,,,,,,,,,,,
백제사 템플스테이,,,,,,,,,,,,,,,
현의합장묘역,,,,,,,,,,,,,,,
성산초등학교 서청특별중대 주둔지,,,,,,,,,,,,,,,
별도연대,,,,,,,,,,,,,,,
금룡사 템플스테이,,,,,,,,,,,,,,,
서귀포 다이브센터,,,,,,,,,,,,,,,
탐라신화공원,9:00,18:00,,,,,,,,,,,,,
조이다이브,,,,,,,,,,,,,,,
평대리불턱,,,,,,,,,,,,,,,
족은노꼬메오름,,,,,,,,,,,,,,,
제주곶자왈도립공원,7:00,16:00,7:00,16:00,,,1,y,y,y,y,,n,y,휠체어
하논마르,,,,,,,,,,,,,,,
제주글램핑 (무한자미향),15:00,11:00,,,,,,,,,,,,,
낙타트래킹,9:00,17:30,,,,,,,,,,,,,
돔베낭길,,,,,,,,,,,,,,,
송악카트체험장,9:00,18:30,9:00,18:30,,,,,,,,,,,
하늘여행 행글라이더체험장,9:00,18:00,9:00,18:00,,,,,,,,,,,
해적잠수함,7:20,18:40,7:20,18:40,,,,,,,,,,,
영모원,,,,,,,,,,,,,,,
2.34234E+16,0:00,0:00,0:00,0:00,,,,,,,,,,,
7.77778E+19,0:00,0:00,0:00,0:00,,,,,,,,,,,
3.53456E+23,0:00,0:00,0:00,0:00,,,,,,,,,,,
2.34324E+11,0:00,0:00,0:00,0:00,,,,,,,,,,,
2.34324E+11,0:00,0:00,0:00,0:00,,,,,,,,,,,
2.34324E+11,0:00,0:00,0:00,0:00,,,,,,,,,,,
돝오름(돗오름),,,,,,,,,,,,,,,
오름열기구투어,5:00,7:00,5:00,7:00,,,,,,,,,,,
예초리,,,,,,,,,,,,,,,
쇠와꽃 승마장,9:00,18:30,,,,,,,,,,,,,
청수곶자왈,,,,,,,,,,,,,,,
구엄포구,,,,,,,,,,,,,,,
선흘1리,,,,,,,,,,,,,,,
굴동포구,,,,,,,,,,,,,,,
"걸서악(서걸세,걸세오름)",,,,,,,,,,,,,,,
비자림로(드라이브코스),,,,,,,,,,,,,,,
동일리포구,,,,,,,,,,,,,,,
오라동 청보리-메밀꽃밭,9:00,18:00,,,,,,,,,,,,,
큰넓궤,,,,,,,,,,,,,,,
제주항 국제크루즈터미널,9:00,18:00,9:00,18:00,,,,,,,,,,,
제주해양동물박물관,9:00,18:00,9:00,18:00,,,,,,,,,,,
박성내,,,,,,,,,,,,,,,
김녕해안도로,,,,,,,,,,,,,,,
송당승마장,9:00,17:00,9:00,17:00,,,,,,,,,,,
관광지명,2:00,3:00,6:30,6:00,,,1,,,,,,,,
제주중앙성당,,,,,,,,,,,,,,,
삼양해안도로,,,,,,,,,,,,,,,
진아영 할머니 집터,,,,,,,,,,,,,,,
하예포구(예래포구),,,,,,,,,,,,,,,
월라봉,,,,,,,,,,,,,,,
곤흘동(곤을동) 마을터,,,,,,,,,,,,,,,
아이스뮤지엄,9:00,20:00,9:00,20:00,,,,,,,,,,,
북촌국민학교,,,,,,,,,,,,,,,
제주키위 비자림농원,,,,,,,,,,,,,,,
신창리포구,,,,,,,,,,,,,,,
영실기암,,,,,,,,,,,,,,,
동거문이오름,,,,,,,,,,,,,,,
송당리,,,,,,,,,,,,,,,
2342342,0:00,0:00,0:00,0:00,,,,,,,,,,,
234234,0:00,0:00,0:00,0:00,,,,,,,,,,,
산방산 용머리해안 지질트레일,,,,,,,,,,,,,,,
북촌포구,,,,,,,,,,,,,,,
쉼터마을 유수암리 농어촌체험마을,,,,,,,,,,,,,,,
추사 유배길 - 3코스 사색의 길,,,,,,,,,,,,,,,
좌보미오름,,,,,,,,,,,,,,,
종달리수국길,,,,,,,,,,,,,,,
큰노꼬메오름,,,,,,,,,,,,,,,
엉알해안산책로,,,,,,,,,,,,,,,
무등이왓터,,,,,,,,,,,,,,,
민속해안로,,,,,,,,,,,,,,,
한국야구명예전당(야구박물관),9:00,18:00,9:00,18:00,,,1,y,n,y,y,n,n,y,"휠체어, 유모차, "
성산오조리해안,,,,,,,,,,,,,,,
정방폭포,9:00,18:00,9:00,18:00,,,3,y,n,y,y,n,n,y,-
대병악,,,,,,,,,,,,,,,
육시우영,,,,,,,,,,,,,,,
화북환해장성,,,,,,,,,,,,,,,
우도마을 풍경,,,,,,,,,,,,,,,
프랑스샤르망,10:00,18:00,10:00,18:00,,,,,,,,,,,
캐릭파크,10:00,18:00,10:00,18:00,,,,,,,,,,,
2.34324E+11,0:00,0:00,0:00,0:00,,,,,,,,,,,
천주교 순례길 - 하논성당길,,,,,,,,,,,,,,,
신천리(용궁올레),,,,,,,,,,,,,,,
삼의악트레킹코스,,,,,,,,,,,,,,,
조함해안도로,,,,,,,,,,,,,,,
묘산봉 (괴살메),,,,,,,,,,,,,,,
성산~세화 해안도로,,,,,,,,,,,,,,,
금성포구,,,,,,,,,,,,,,,
"도너리오름(돌오름,돝내린오름,골체오름)",,,,,,,,,,,,,,,
정주항,,,,,,,,,,,,,,,
제주카트클럽,8:00,19:00,8:00,19:00,,,,,,,,,,,
순례자의교회,,,,,,,,,,,,,,,
"뒤굽은이 (뒤꾸부니, 뒤곱은이)",,,,,,,,,,,,,,,
아홉굿마을 낙천리 농어촌체험마을,,,,,,,,,,,,,,,
제주오름승마랜드,,,,,,,,,,,,,,,
플레이박스VR,9:00,21:00,9:00,21:00,,,,,,,,,,,
오현단,,,,,,,,,,,,,,,
대림리선돌,,,,,,,,,,,,,,,
토종닭유통특구교래삼다수마을,,,,,,,,,,,,,,,
제주베스트힐 열기구랜드,,,,,,,,,,,,,,,
사계항,,,,,,,,,,,,,,,
문화예술마을 저지리 농어촌체험마을,,,,,,,,,,,,,,,
중문카라반,,,,,,,,,,,,,,,
협자연대,,,,,,,,,,,,,,,
황우지해안,,,,,,,,,,,,,,,
기독교순례길 1코스(순종의길),,,,,,,,,,,,,,,
모구리 야영장,,,,,,,,,,,,,,,
건강장수마을 산양리 농어촌체험마을,,,,,,,,,,,,,,,
기독교순례길 3코스(사명의길),,,,,,,,,,,,,,,
원동,,,,,,,,,,,,,,,
김녕사굴,,,,,,,,,,,,,,,
옹포포구,,,,,,,,,,,,,,,
한동환해장성,,,,,,,,,,,,,,,
쇼타임제주 옹알스 코미디 전용관,,,,,,,,,,,,,,,
제주 이호털보 배낚시,5:00,22:00,5:00,22:00,,,,,,,,,,,
법화사,,,,,,,,,,,,,,,
1100고지(휴게소),8:30,19:00,8:30,19:00,,,,,,,,,,,
판포포구,,,,,,,,,,,,,,,
화순금모래해수욕장담수수영장,10:00,19:00,10:00,19:00,,,,,,,,,,,
주정공장(동척회사) 옛터,,,,,,,,,,,,,,,
삼다수숲길 지질트레일,,,,,,,,,,,,,,,
대수포구,,,,,,,,,,,,,,,
눈물의십자가,,,,,,,,,,,,,,,
우도 득성이코지,,,,,,,,,,,,,,,
강병대교회,,,,,,,,,,,,,,,
우도 봉수대,,,,,,,,,,,,,,,
23333342332,0:00,0:00,0:00,0:00,,,,,,,,,,,
다이나믹메이즈,11:00,18:00,11:00,18:00,,,,y,,y,y,,n,y,
발자국화석공원,,,,,,,,,,,,,,,
제주시 충혼묘지 4·3추모비(박진경 추도비),,,,,,,,,,,,,,,
비양도등대,,,,,,,,,,,,,,,
존자암지,,,,,,,,,,,,,,,
서귀본향당,,,,,,,,,,,,,,,
백제사,,,,,,,,,,,,,,,
가마오름 진지동굴,8:30,17:00,8:30,17:00,,,,,,,,,,,
연미마을(오라리 방화사건 현장),,,,,,,,,,,,,,,
비블리아성서식물원,9:00,17:00,9:00,17:00,,,,,,,,,,,
등머을레져,,,,,,,,,,,,,,,
산호레저,,,,,,,,,,,,,,,
도령모루,,,,,,,,,,,,,,,
배령연대,,,,,,,,,,,,,,,
이편한치과,,,,,,,,,,,,,,,
제원한의원,9:00,18:30,9:00,14:00,,,,,,,,,,,
목시물굴,,,,,,,,,,,,,,,
바당미술관,,,,,,,,,,,,,,,
제주레포츠랜드,9:00,,9:00,,,,,,,,,,,,
rew,0:00,0:00,0:00,0:00,,,,,,,,,,,
rew,0:00,0:00,0:00,0:00,,,,,,,,,,,
우도스쿠터여행,8:00,19:00,8:00,19:00,,,,,,,,,,,
제주돌하르방캠핑장,,,,,,,,,,,,,,,
234543345,0:00,0:00,0:00,0:00,,,,,,,,,,,
234543345,0:00,0:00,0:00,0:00,,,,,,,,,,,
후포해변,,,,,,,,,,,,,,,
신대해안,,,,,,,,,,,,,,,
휴림,,,,,,,,,,,,,,,
예초리해변,,,,,,,,,,,,,,,
신양항(하추자항),,,,,,,,,,,,,,,
조일구락부 옛터,,,,,,,,,,,,,,,
영남동,,,,,,,,,,,,,,,
라신동,,,,,,,,,,,,,,,
제주다이브 체험다이빙,,,,,,,,,,,,,,,
다랑쉬마을,,,,,,,,,,,,,,,
제주농업학교 옛터,,,,,,,,,,,,,,,
4·3해원방사탑,,,,,,,,,,,,,,,
솔동산8경,,,,,,,,,,,,,,,
걸매예술마을,,,,,,,,,,,,,,,
SOS박물관,9:00,18:00,,,,,,,,,,,,,
신산환해장성,,,,,,,,,,,,,,,
천제연폭포 & 제주4.3중문면희생자위령비,,,,,,,,,,,,,,,
9연대 본부 옛터,,,,,,,,,,,,,,,
종남마을,,,,,,,,,,,,,,,
관음사 군 주둔지 옛터,,,,,,,,,,,,,,,
포도갤러리 in 포도호텔,10:00,17:30,10:00,17:30,,,,,,,,,,,
2.34324E+11,0:00,0:00,0:00,0:00,,,,,,,,,,,
234543345,0:00,0:00,0:00,0:00,,,,,,,,,,,
관음사 템플스테이,,,,,,,,,,,,,,,
제주기독교순례길,,,,,,,,,,,,,,,
신천리 벽화마을,,,,,,,,,,,,,,,
누운오름(한림읍),,,,,,,,,,,,,,,
천아숲길 천아계곡,,,,,,,,,,,,,,,
제주제트,8:00,18:00,8:00,18:00,,,,,,,,,,,
옹포천,,,,,,,,,,,,,,,
제주해양레저,,,,,,,,,,,,,,,
이호털보네배낚시,,,,,,,,,,,,,,,
녹고뫼 캠핑장,15:00,11:00,,,,,,,,,,,,,
웃세오름(족은오름),,,,,,,,,,,,,,,
알오름(표선면),,,,,,,,,,,,,,,
송령이골,,,,,,,,,,,,,,,
이덕구 산전,,,,,,,,,,,,,,,
대정면 4.3사건 위령비,,,,,,,,,,,,,,,
용둠범목제계단길,,,,,,,,,,,,,,,
당케산물(당케포구),,,,,,,,,,,,,,,
별내린전망대,,,,,,,,,,,,,,,
삼밭구석 & 동광리4·3희생자위령비,,,,,,,,,,,,,,,
임문숙 가족 헛묘,,,,,,,,,,,,,,,
불카분낭 (불타버린 나무),,,,,,,,,,,,,,,
중문색달해변(해산물),,,,,,,,,,,,,,,
중문리 신사터,,,,,,,,,,,,,,,
한복입는 선흘집,11:00,18:00,11:00,18:00,,,1,,,,,,,,
녹산로유채꽃길,,,,,,,,,,,,,,,
병악현무암지대,,,,,,,,,,,,,,,
제주국제평화센터,9:00,17:00,9:00,17:00,,,1,y,y,y,y,,y,y,"휠체어, 유모차"
금악오름(왕매),,,,,,,,,,,,,,,
팜파스그라스,,,,,,,,,,,,,,,
SM 디지털아트 뮤지엄,9:00,19:00,9:00,19:00,,,,,,,,,,,
궁대오름(궁대악),,,,,,,,,,,,,,,
백년초농장박물관,,,,,,,,,,,,,,,
라이트 아트 페스타[리모델링중],,,,,,,,,,,,,,,
태권뮤지컬혼,,,,,,,,,,,,,,,
농개,,,,,,,,,,,,,,,
문서프,9:00,22:00,9:00,22:00,,,,,,,,,,,
차귀도,,,,,,,,,,,,,,,
대정향교,,,,,,,,,,,,,,,
서귀포잠수함(대국해저관광),7:20,18:40,7:45,18:50,,,,,,,,,,,
송악산,0:00,0:00,0:00,0:00,,,3,n,n,n,n,n,n,n,
천주교 순례길 - 신축화해길,,,,,,,,,,,,,,,
엄바위장승,,,,,,,,,,,,,,,
퍼시픽 리솜 마린스테이지,,,,,,,,y,,,,,,,
sdfdsfsdfsdffsfsdfs,0:00,0:00,0:00,0:00,,,,,,,,,,,
헬로키티아일랜드,9:00,18:00,9:00,18:00,,,,,,,,,,,
ewrwerewrwerwrwerewr,0:00,0:00,0:00,0:00,,,,,,,,,,,
고씨주택,12:00,20:00,12:00,20:00,,,,,,,,,,,
터진목 & 성산면 4·3희생자 위령비,,,,,,,,,,,,,,,
케이제주해양사업단,9:00,18:00,9:00,18:00,,,1,,,,,,,,
성클라라수도원 금악성당,,,,,,,,,,,,,,,
제주오렌지,9:00,18:00,9:00,18:00,,,,,,,,,,,
서귀포치유의숲,9:00,16:00,9:00,16:00,,,3,n,,y,y,,y,y,
남원 위미2리 어촌계,,,,,,,1,,,,,,,,
팀케이,10:00,19:00,10:00,19:00,,,1,,,,,,,,
제주소주 코스모스밭,9:00,18:00,,,,,,,,,,,,,
신엄포구,,,,,,,,,,,,,,,
삼양방파제,,,,,,,,,,,,,,,
흑돼지거리,,,,,,,,,,,,,,,
강정어촌계,,,,,,,1,,,,,,,,
문화빳데리 충전소,,,,,,,,,,,,,,,
막숙,,,,,,,,,,,,,,,
김녕 청굴물,,,,,,,,,,,,,,,
해녀의 태왁,9:00,18:00,9:00,18:00,,,2,,,,,,,,
동귀방파제,,,,,,,,,,,,,,,
갤러리2 중선농원,10:00,17:00,10:00,17:00,,,,,,,,,,,
피크닉메이트,10:00,19:00,10:00,19:00,,,1,,,,,,,,
애월 하물,,,,,,,,,,,,,,,
이호테우해수욕장,,,,,,,,,,,,,,,
설쿰바당,,,,,,,,,,,,,,,
예술공간 이아,10:00,20:00,10:00,18:00,,,,,,,,,,,
문화공간 양,12:00,18:00,12:00,18:00,,,,,,,,,,,
안덕면 사계어촌계,,,,,,,1,,,,,,,,
직접 내 손으로 채취할 수 있는 해산물이라구<제주 바릇잡이 할 수 있는 포인트>,,,,,,,,,,,,,,,
망장포,,,,,,,1,,,,,,,,
종달고망난돌쉼터,,,,,,,,,,,,,,,
dfddf,0:00,0:00,0:00,0:00,,,,,,,,,,,
사계 용머리해안 (해산물),8:00,18:00,8:00,18:00,,,1,,,,,,,,
삼양 셋다리물,,22:00,,22:00,,,,,,,,,,,
태웃개,,,,,,,,,,,,,,,
구좌 하도어촌계,,,,,,,,,,,,,,,
함덕어촌계,,,,,,,1,,,,,,,,
오래물,,,,,,,,,,,,,,,
정모시쉼터,,,,,,,,,,,,,,,
레더한,10:00,19:00,10:00,19:00,,,,,,,,,,,
캘리그라피 오월,11:00,18:00,11:00,18:00,,,,,,,,,,,
제주판타지월드,10:00,23:30,10:00,23:30,,,1,,,,,,,,
트랜스포머 오토봇 얼라이언스,10:00,18:00,10:00,18:00,,,,y,y,y,,,,,"전시체험관, 레스토랑, 기념품점 등"
상호상호,0:00,0:00,0:00,0:00,,,,,,,,,,,
효명사,,,,,,,,,,,,,,,
daemadoo@hanmail.net,0:00,0:00,0:00,0:00,,,,,,,,,,,
로로 요가,,,,,,,,,,,,,,,
밸런싱 요가,,,,,,,,,,,,,,,
쁘램 요가,,,,,,,,,,,,,,,
덕천리 팔자 좋아 길,,,,,,,,,,,,,,,
법정사,,,,,,,,,,,,,,,
한림바다체험마을,,,,,,,1,,,,,,,,
고살리숲길,10:00,,14:00,,,,1,,,,,,,,
감귤상웨빵 체험,10:00,16:00,10:00,16:00,,,1,,,,,,,,
새별헤이요목장,10:00,18:00,10:00,18:00,,,,y,,,,,,,
한라산 아래 첫 마을,,,,,,,,,,,,,,,
푸른콩 방주영농조합법인,8:00,20:00,,,,,,,,,,,,,
이호-내도 해안도로,,,,,,,,,,,,,,,
테테테,0:00,0:00,0:00,0:00,,,,,,,,,,,
가맹점사진,2:30,5:00,2:00,5:00,,,,,,,,,,,
맛있는 철학자(태반의땅제주),,,,,,,,,,,,,,,
신창풍차해안도로,,,,,,,1,,,,,,,,
남수각 하늘길 벽화거리,,,,,,,,,,,,,,,
도두동 무지개 해안도로,,,,,,,1,,,,,,,,
한일우호연수원,,,,,,,,,,,,,,,
오르미카페,,,,,,,,,,,,,,,
한림바다 체험마을 ,10:30,19:00,10:30,19:00,,,1,,,,,,,,
봉쥬르봉봉,,,,,,,2,,,,,,,,
이로이로공방,11:00,17:00,11:00,17:00,,,,,,,,,,,
신화워터파크,10:00,20:00,10:00,20:00,,,,y,y,y,y,,,,"실내외 수영장, 키즈풀, 카바나, 썬베드, 자쿠지, 노천탕, 찜질방, 레스토랑, 스낵바, 기념품점 등"
감수굴 밭담길,,,,,,,,,,,,,,,
화조원,9:00,17:30,9:00,17:30,,,,,,,,,,,
내창트레킹,10:00,14:00,10:00,14:00,,,3,,,,,,,,
걸서악오름,,,,,,,1,,,,,,,,
유리멘탈 스튜디오,,,,,,,,,,,,,,,
신효베스트마을,,,,,,,,,,,,,,,
차귀도 (일몰),,,,,,,,,,,,,,,
수월봉 전기자전거,10:00,19:00,10:00,19:00,,,,,,,,,,,
액트(AC.lll.T) 볼링장,11:00,2:00,11:00,2:00,,,,,,,,,,,
미요캔들,,,,,,,,,,,,,,,
한복담_카테고리변경_삭제,10:30,19:30,10:30,19:30,,,,,,,,,,,
아름다운피부과,9:00,19:00,9:00,15:00,,,,,,,,,,,
신효 생활개선회,,,,,,,,,,,,,,,
고사리숲,,,,,,,,,,,,,,,
제주다,,,,,,,,,,,,,,,
조선한의원,9:30,19:00,9:30,16:00,,,,,,,,,,,
비자림농원,,,,,,,,,,,,,,,
남내소,,,,,,,,,,,,,,,
제주인디,,,,,,,,,,,,,,,
게우지코지,,,,,,,,,,,,,,,
손방둥이 ,9:30,19:30,,,,,,,,,,,,,
월라사,,,,,,,,,,,,,,,
행원육상양식단지,,,,,,,,,,,,,,,
제주샤르망,0:00,0:00,0:00,0:00,,,,,,,,,,,
포토갤러리 자연사랑미술관,,,,,,,,,,,,,,,
대정현역사자료전시관,9:00,17:00,9:00,17:00,,,,,,,,,,,
 서귀포자연휴양림,9:00,18:00,9:00,18:00,,,2,,,,,,,,
서귀포의료원,8:30,17:20,,,,,,,,,,,,,
곽지레저 & 서프나우[폐업],6:00,20:00,6:00,20:00,,,1,,,,,,,,
우도봉 ATV,9:00,18:00,9:00,18:00,,,,,,,,,,,
제주햇살농원,,,,,,,1,,,,,,,,
포레스트 사파리,9:00,17:30,9:00,17:30,,,,,,,,,,,
청수성결교회,,,,,,,,,,,,,,,
성이시돌목장,,,,,,,,,,,,,,,
성산 유채꽃재배단지,,,,,,,,,,,,,,,
예래생태체험관,,,,,,,,,,,,,,,
굿다이버,8:00,19:00,7:00,20:00,,,1,,,,,,,,
토토아뜰리에,10:00,17:00,10:00,17:00,,,1,,,,,,,,
고내리 다락쉼터,,,,,,,,,,,,,,,
새시물,,,,,,,,,,,,,,,
느지리오름(망오름),,,,,,,,,,,,,,,
산지천갤러리,10:00,18:00,10:00,18:00,,,,,,,,,,,
머체왓숲길,,,,,,,,,,,,,,,
동백포레스트,9:00,17:00,9:00,17:00,,,,,,,,,,,
샤이니숲길,,,,,,,,,,,,,,,
통일관,10:00,16:00,10:00,16:00,,,,,,,,,,,
어린이교통공원,10:00,17:00,10:00,17:00,,,,,,,,,,,
스페이스닷원,7:00,21:00,,,,,,,,,,,,,
추억애거리,,,,,,,,,,,,,,,
소라의성,9:00,18:00,9:00,18:00,,,,,,,,,,,
칠머리길,,,,,,,,,,,,,,,
거인의 정원,11:00,22:00,11:00,21:00,,,,,,,,,,,
어영공원,,,,,,,,,,,,,,,
용담 1동 벽화거리,,,,,,,,,,,,,,,
한라산소주공장,13:00,17:00,13:00,17:00,,,,,,,,,,,
신산공원,,,,,,,,,,,,,,,
진빌레 밭담길,,,,,,,,,,,,,,,
심헌갤러리,10:00,18:30,10:00,18:30,,,,,,,,,,,
보통청춘기록실 청춘사진관,9:00,20:00,9:00,20:00,,,,,,,,,,,
반석탕,11:00,18:00,11:00,18:00,,,,,,,,,,,
청초밭영농조합법인,10:00,18:00,10:00,18:00,,,1,,,,,,,,
제주한라병원,9:00,18:00,,,,,,,,,,,,,
옷 귀마테마타운,9:00,18:00,9:00,18:00,,,1,,,,,,,,
한국건강관리협회제주특별자치도부,7:30,16:30,,,,,,,,,,,,,
윈드1947 카트테마파크,9:00,18:00,9:00,18:00,,,2,,,,,,,,
제주참숯가마찜질방,0:00,0:00,0:00,0:00,,,1,,,,,,,,
제로스테이션(제로포인트트레일),10:30,19:00,,,,,,,,,,,,,
곽지레저,6:00,21:00,6:00,21:00,,,1,,,,,,,,
9.81 파크,9:00,18:00,9:00,18:00,,,,,,,,,,,
무릉자전거도로(환상자전거길 3구간),,,,,,,,,,,,,,,
서부두명품횟집거리,,,,,,,,,,,,,,,
제주사랑방(제주책방),12:00,20:00,12:00,20:00,,,,,,,,,,,
청아투명카약,0:00,0:00,0:00,0:00,,,,,,,,,,,
ddddsdfdf,0:00,0:00,0:00,0:00,,,,,,,,,,,
스위트몽키,9:00,18:00,9:00,16:00,,,1,,,,,,,,
아일랜드에프,10:00,23:30,10:00,23:30,,,1,,,,,,,,
고요산책,9:00,18:00,,,,,,,,,,,,,
바구스서핑스쿨,10:00,18:00,10:00,18:00,,,2,,,,,,,,
차귀도유람선,9:00,17:30,9:00,17:30,,,1,,,,,,,,
래춘씨 캠핑카 생존기,0:00,0:00,0:00,0:00,,,,,,,,,,,
파파빌레,,,,,,,,,,,,,,,
WE호텔 웰니스센터,,,,,,,,,,,,,,,
옷귀마테마타운,9:00,18:00,9:00,18:00,,,,,,,,,,,
윈드 1947 카트 테마 파크,9:00,18:00,9:00,18:00,,,2,,,,,,,,
윈드1947 카트 테마파크,9:00,18:00,9:00,19:00,,,2,,,,,,,,
제주도공방노꼬메,10:00,17:00,10:00,17:00,,,2,,,,,,,,
사진놀이터,9:30,18:00,9:30,18:00,,,1,,,,,,,,
알제이,0:00,0:00,0:00,0:00,,,,,,,,,,,
노형수퍼마,9:30,19:00,,,,,,,,,,,,,
제주토종흑염소목장,9:00,18:00,9:00,18:00,,,2,,,,,,,,
제스피 맥주협동조합 양조장,9:00,18:00,0:00,0:00,,,1,,,,,,,,
제주우리병원,9:00,18:00,9:00,13:00,,,,,,,,,,,
더 플래닛(THE PLANET),10:00,18:00,10:00,18:00,,,2,,,,,,,,
서귀포 펍크롤(중단),20:00,,17:00,,,,,,,,,,,,
아침한의원 ,8:30,18:00,,,,,,,,,,,,,
제주신화전설탐방로,,,,,,,,,,,,,,,
고흐의 정원,9:00,18:00,9:00,18:00,,,,,,,,,,,
에밀리파크,10:00,17:30,10:00,17:30,,,,,,,,,,,
담그멍족욕카페,13:00,22:00,13:00,18:00,,,,,,,,,,,
멍멍플레이스,,,,,,,,,,,,,,,
훈데르트바서파크,9:30,18:00,9:30,18:00,,,1,,,,,,,,
제주미래교육연구원 과학탐구체험장,10:00,17:00,10:00,17:00,,,,,,,,,,,
브레이브독스,11:00,20:00,11:00,20:00,,,,,,,,,,,
서귀포농업기술센터 제주농업생태원,10:00,16:00,10:00,16:00,,,,,,,,,,,
노벨상 특별전,9:00,18:00,9:00,18:00,,,2,,,,,,,,
라온주 실내체험동물원,9:30,18:00,9:30,18:00,,,,,,,,,,,
호호,0:00,0:00,0:00,0:00,,,,,,,,,,,
제주아트센터,,,,,,,,y,,y,y,,,,
목장카페 드르쿰다,9:00,18:00,9:00,18:00,,,,,,,,,,,
뽀로로&타요 테마파크 제주,10:00,18:00,10:00,18:00,,,,y,,,,,,,
번개레이싱,9:30,17:00,9:30,17:00,,,1,,,,,,,,
한라의향기,8:00,17:30,,,,,,,,,,,,,
비양도 연평리 야영지,,,,,,,,,,,,,,,
꿈바당 어린이도서관,9:00,21:00,9:00,21:00,,,,,,,,,,,
송악힐링풋스킨,9:00,21:00,9:00,21:00,,,1,,,,,,,,
일출랜드 아트센터,9:00,17:30,9:00,17:30,,,,,,,,,,,
퍼피월드,10:00,20:00,10:00,20:00,,,2,,,,,,,,
북촌리 4.3길,,,,,,,,,,,,,,,
공방:하루_반,13:00,22:00,13:00,22:00,,,1,,,,,,,,
함덕잠수함(이고제주),9:00,17:00,9:00,17:00,,,1,,,,,,,,
한화리조트 테라피센터,,,,,,,,,,,,,,,
바릇스파 ,,,,,,,,,,,,,,,
우도다이브,8:30,18:00,8:30,18:00,,,1,,,,,,,,
제주해양레저파크,9:00,18:00,9:00,18:00,,,1,,,,,,,,
제주잠수함(국제리더스클럽),9:30,18:00,9:30,18:00,,,,,,,,,,,
더힐하우스스파,,,,,,,,,,,,,,,
이음새,,,,,,,,,,,,,,,
물뫼힐링팜,,,,,,,,,,,,,,,
제주해양레저파크,9:00,18:00,9:00,18:00,,,1,,,,,,,,
관음사 야영장,,,,,,,,,,,,,,,
취다선리조트,,,,,,,,,,,,,,,
환상숲곶자왈 담앙족욕,10:00,17:00,10:00,17:00,,,,,,,,,,,
씨에스호텔 프라이빗스파,12:00,22:00,12:00,22:00,,,,,,,,,,,
가뫼물예전,9:00,18:00,9:00,18:00,,,,,,,,,,,
수목원테마공원(야시장길&LED공원),18:00,22:00,18:00,22:00,,,,,,,,,,,
애월스쿠버다이빙스쿨,9:30,18:00,9:30,18:00,,,1,,,,,,,,
액티브파크,9:30,18:00,9:30,18:00,,,,y,,y,y,,,,
김서프제주,6:00,18:00,6:00,18:00,,,2,,,,,,,,
제주아리랑 NEW 혼,10:30,14:30,10:30,14:30,,,2,,,,,,,,
주식회사제주1번가,9:00,18:00,9:00,18:00,,,2,,,,,,,,
신풍리 밭담길,,,,,,,,,,,,,,,
제주고산리유적,9:00,18:00,9:00,18:00,,,1,,,,,,,,
그제바람 윈드서핑패들보드,10:00,20:00,10:00,20:00,,,1,,,,,,,,
포레스트판타지아  제주조각공원,8:30,23:00,8:30,23:00,,,1,,,,,,,,
율랜드 다이브센터,8:00,19:00,8:00,19:00,,,1,,,,,,,,
알제이,9:00,18:00,10:00,18:00,,,1,,,,,,,,
제주안전체험관,9:00,18:00,9:00,18:00,,,,,,,,,,,
우도징기스칸승마체험,10:00,17:00,10:00,17:00,,,1,,,,,,,,
캐니언파크,11:00,21:00,10:00,21:00,,,,,,,,,,,
우포토 시네마 갤러리 카페,,,,,,,,,,,,,,,
레이저서바이벌M,13:00,22:00,12:00,22:00,,,1,,,,,,,,
신흥리 동백 & 향나무길,,,,,,,,n,n,n,n,n,n,n,
제주친구,9:00,20:00,9:00,18:00,,,2,,,,,,,,
"그대, 나의 뮤즈 : 클림트 to 마티스",10:00,19:00,10:00,19:00,,,1,,,,,,,,
마라도 섬투어,,,,,,,,,,,,,,,
김한미술관 & 카페3206,10:00,20:00,10:00,20:00,,,,,,,,,,,
질그랭이센터,,,,,,,,,,,,,,,
휘닉스 르쏠레이테라피,11:00,22:00,11:00,22:00,,,,,,,,,,,
노을해안1014,10:00,18:30,10:00,18:30,,,2,,,,,,,,
롯데호텔 브이스파,10:00,22:00,10:00,22:00,,,,,,,,,,,
스위트호텔 아로마,13:00,23:59,13:00,23:59,,,,,,,,,,,
새별프렌즈,10:00,18:00,10:00,18:00,,,1,,,,,,,,
스누피가든,9:00,19:00,9:00,19:00,,,,,,,,,,,
제주여가마을,,,,,,,,,,,,,,,
영등할망 신화공원,,,,,,,,,,,,,,,
M1971 요트투어,9:00,18:00,9:00,18:00,,,1,,,,,,,,
고포잇다이브센터,0:00,0:00,0:00,0:00,,,,,,,,,,,
남원항 (남원포구),,,,,,,,,,,,,,,
서중천탐방로,,,,,,,,,,,,,,,
서영아리오름 / 용와이오름,,,,,,,,,,,,,,,
월라봉 진지동굴 (안덕면),,,,,,,,,,,,,,,
아르떼뮤지엄,10:00,20:00,10:00,20:00,,,,,,,,,,,
 더펫츠,13:00,21:00,13:00,21:00,,,1,,,,,,,,
로빈맘 글귤따기 체험농장,9:00,17:00,10:00,0:00,,,,,,,,,,,
마흐니 숲길,,,,,,,,,,,,,,,
감귤박물관 월라봉 산책로 - 생이소리길,,,,,,,,,,,,,,,
제주어울림감귤체험농장,9:00,17:00,9:00,17:00,,,1,,,,,,,,
김택화미술관,11:00,16:30,11:00,18:00,,,1,,,,,,,,
삭제콘텐츠-,15:56,15:56,15:56,15:56,,,3,y,n,y,y,n,n,y,휠체어
낙천아홉굿마을 의자공원,,,,,,,,,,,,,,,
헌마공신김만일기념관,9:00,18:00,9:00,18:00,,,,,,,,,,,
오페라 옴니아 : 라파엘로展,9:00,18:00,9:00,18:00,,,,y,y,y,,y,,,
우도 돌칸이 해안,,,,,,,,,,,,,,,
도치돌 알파카목장,10:00,17:30,10:00,17:30,,,,,,,,,,,
옥돔마을,,,,,,,,,,,,,,,
솔담한방병원,9:00,21:00,9:00,13:00,,,,,,,,,,,
서귀포 하영올레,,,,,,,,,,,,,,,
세화소품관,,,,,,,,,,,,,,,
무비랜드왁스뮤지엄,10:00,18:00,10:00,18:00,,,1,,,,,,,,
