,CL_NM,TRRSRT_NM,ADDR,ADDR_new,TEL_NO,TOT_ENTRN_NMPR_CO,SETLE_PRICE,ENTRN_DE,SGNG_CD,LGDNG_CD
0,키즈,뽀로로앤타요 테마파크,제주 서귀포시 안덕면 병악로 269,제주특별자치도 서귀포시 안덕면 상창리,647428555.0,2,21000,20220301,50130,31024
1,키즈,뽀로로앤타요 테마파크,제주 서귀포시 안덕면 병악로 269,제주특별자치도 서귀포시 안덕면 상창리,647428555.0,1,17500,20220301,50130,31024
2,키즈,뽀로로앤타요 테마파크,제주 서귀포시 안덕면 병악로 269,제주특별자치도 서귀포시 안덕면 상창리,647428555.0,3,38500,20220301,50130,31024
3,키즈,돈키쥬쥬,제주 제주시 은수길 65,제주특별자치도 제주시 연동,647555920.0,3,18000,20220301,50110,13700
4,키즈,뽀로로앤타요 테마파크,제주 서귀포시 안덕면 병악로 269,제주특별자치도 서귀포시 안덕면 상창리,647428555.0,2,21000,20220301,50130,31024
5,키즈,뽀로로앤타요 테마파크,제주 서귀포시 안덕면 병악로 269,제주특별자치도 서귀포시 안덕면 상창리,647428555.0,1,17500,20220301,50130,31024
6,키즈,뽀로로앤타요 테마파크,제주 서귀포시 안덕면 병악로 269,제주특별자치도 서귀포시 안덕면 상창리,647428555.0,3,38500,20220301,50130,31024
7,키즈,뽀로로앤타요 테마파크,제주 서귀포시 안덕면 병악로 269,제주특별자치도 서귀포시 안덕면 상창리,647428555.0,3,67300,20220301,50130,31024
8,키즈,뽀로로앤타요 테마파크,제주 서귀포시 안덕면 병악로 269,제주특별자치도 서귀포시 안덕면 상창리,647428555.0,3,38500,20220301,50130,31024
9,키즈,뽀로로앤타요 테마파크,제주 서귀포시 안덕면 병악로 269,제주특별자치도 서귀포시 안덕면 상창리,647428555.0,3,38500,20220302,50130,31024
10,키즈,뽀로로앤타요 테마파크,제주 서귀포시 안덕면 병악로 269,제주특별자치도 서귀포시 안덕면 상창리,647428555.0,5,0,20220302,50130,31024
11,키즈,뽀로로앤타요 테마파크,제주 서귀포시 안덕면 병악로 269,제주특별자치도 서귀포시 안덕면 상창리,647428555.0,3,38500,20220302,50130,31024
12,키즈,공룡랜드,제주 제주시 애월읍 광령평화2길 1,제주특별자치도 제주시 애월읍 광령리,647463060.0,2,15140,20220303,50110,25321
13,키즈,돈키쥬쥬,제주 제주시 은수길 65,제주특별자치도 제주시 연동,647555920.0,2,12000,20220303,50110,13700
14,키즈,뽀로로앤타요 테마파크,제주 서귀포시 안덕면 병악로 269,제주특별자치도 서귀포시 안덕면 상창리,647428555.0,3,38500,20220303,50130,31024
15,키즈,돈키쥬쥬,제주 제주시 은수길 65,제주특별자치도 제주시 연동,647555920.0,3,18000,20220303,50110,13700
16,키즈,뽀로로앤타요 테마파크,제주 서귀포시 안덕면 병악로 269,제주특별자치도 서귀포시 안덕면 상창리,647428555.0,3,38500,20220304,50130,31024
17,키즈,뽀로로앤타요 테마파크,제주 서귀포시 안덕면 병악로 269,제주특별자치도 서귀포시 안덕면 상창리,647428555.0,3,38500,20220305,50130,31024
18,키즈,뽀로로앤타요 테마파크,제주 서귀포시 안덕면 병악로 269,제주특별자치도 서귀포시 안덕면 상창리,647428555.0,4,56000,20220305,50130,31024
19,키즈,돈키쥬쥬,제주 제주시 은수길 65,제주특별자치도 제주시 연동,647555920.0,2,71800,20220305,50110,13700
20,키즈,뽀로로앤타요 테마파크,제주 서귀포시 안덕면 병악로 269,제주특별자치도 서귀포시 안덕면 상창리,647428555.0,3,38500,20220305,50130,31024
21,키즈,뽀로로앤타요 테마파크,제주 서귀포시 안덕면 병악로 269,제주특별자치도 서귀포시 안덕면 상창리,647428555.0,3,0,20220307,50130,31024
22,키즈,뽀로로앤타요 테마파크,제주 서귀포시 안덕면 병악로 269,제주특별자치도 서귀포시 안덕면 상창리,647428555.0,3,38500,20220306,50130,31024
23,키즈,뽀로로앤타요 테마파크,제주 서귀포시 안덕면 병악로 269,제주특별자치도 서귀포시 안덕면 상창리,647428555.0,3,38500,20220306,50130,31024
24,키즈,뽀로로앤타요 테마파크,제주 서귀포시 안덕면 병악로 269,제주특별자치도 서귀포시 안덕면 상창리,647428555.0,2,81800,20220306,50130,31024
25,키즈,뽀로로앤타요 테마파크,제주 서귀포시 안덕면 병악로 269,제주특별자치도 서귀포시 안덕면 상창리,647428555.0,1,17500,20220306,50130,31024
26,키즈,뽀로로앤타요 테마파크,제주 서귀포시 안덕면 병악로 269,제주특별자치도 서귀포시 안덕면 상창리,647428555.0,3,38500,20220306,50130,31024
27,키즈,뽀로로앤타요 테마파크,제주 서귀포시 안덕면 병악로 269,제주특별자치도 서귀포시 안덕면 상창리,647428555.0,1,17500,20220306,50130,31024
28,키즈,뽀로로앤타요 테마파크,제주 서귀포시 안덕면 병악로 269,제주특별자치도 서귀포시 안덕면 상창리,647428555.0,1,17500,20220306,50130,31024
29,키즈,뽀로로앤타요 테마파크,제주 서귀포시 안덕면 병악로 269,제주특별자치도 서귀포시 안덕면 상창리,647428555.0,2,81800,20220306,50130,31024
30,키즈,뽀로로앤타요 테마파크,제주 서귀포시 안덕면 병악로 269,제주특별자치도 서귀포시 안덕면 상창리,647428555.0,2,81800,20220306,50130,31024
31,키즈,뽀로로앤타요 테마파크,제주 서귀포시 안덕면 병악로 269,제주특별자치도 서귀포시 안덕면 상창리,647428555.0,1,10500,20220306,50130,31024
32,키즈,뽀로로앤타요 테마파크,제주 서귀포시 안덕면 병악로 269,제주특별자치도 서귀포시 안덕면 상창리,647428555.0,1,17500,20220306,50130,31024
33,키즈,뽀로로앤타요 테마파크,제주 서귀포시 안덕면 병악로 269,제주특별자치도 서귀포시 안덕면 상창리,647428555.0,1,10500,20220306,50130,31024
34,키즈,뽀로로앤타요 테마파크,제주 서귀포시 안덕면 병악로 269,제주특별자치도 서귀포시 안덕면 상창리,647428555.0,3,38500,20220307,50130,31024
35,키즈,뽀로로앤타요 테마파크,제주 서귀포시 안덕면 병악로 269,제주특별자치도 서귀포시 안덕면 상창리,647428555.0,4,56000,20220307,50130,31024
36,키즈,뽀로로앤타요 테마파크,제주 서귀포시 안덕면 병악로 269,제주특별자치도 서귀포시 안덕면 상창리,647428555.0,3,38500,20220307,50130,31024
37,키즈,뽀로로앤타요 테마파크,제주 서귀포시 안덕면 병악로 269,제주특별자치도 서귀포시 안덕면 상창리,647428555.0,1,17500,20220307,50130,31024
38,키즈,뽀로로앤타요 테마파크,제주 서귀포시 안덕면 병악로 269,제주특별자치도 서귀포시 안덕면 상창리,647428555.0,3,38500,20220307,50130,31024
39,키즈,뽀로로앤타요 테마파크,제주 서귀포시 안덕면 병악로 269,제주특별자치도 서귀포시 안덕면 상창리,647428555.0,1,41700,20220307,50130,31024
40,키즈,뽀로로앤타요 테마파크,제주 서귀포시 안덕면 병악로 269,제주특별자치도 서귀포시 안덕면 상창리,647428555.0,1,17500,20220307,50130,31024
41,키즈,뽀로로앤타요 테마파크,제주 서귀포시 안덕면 병악로 269,제주특별자치도 서귀포시 안덕면 상창리,647428555.0,2,81800,20220307,50130,31024
42,키즈,공룡랜드,제주 제주시 애월읍 광령평화2길 1,제주특별자치도 제주시 애월읍 광령리,647463060.0,2,18000,20220308,50110,25321
43,키즈,공룡랜드,제주 제주시 애월읍 광령평화2길 1,제주특별자치도 제주시 애월읍 광령리,647463060.0,2,0,20220308,50110,25321
44,키즈,공룡랜드,제주 제주시 애월읍 광령평화2길 1,제주특별자치도 제주시 애월읍 광령리,647463060.0,1,0,20220308,50110,25321
45,키즈,공룡랜드,제주 제주시 애월읍 광령평화2길 1,제주특별자치도 제주시 애월읍 광령리,647463060.0,1,0,20220308,50110,25321
46,키즈,공룡랜드,제주 제주시 애월읍 광령평화2길 1,제주특별자치도 제주시 애월읍 광령리,647463060.0,2,0,20220308,50110,25321
47,키즈,뽀로로앤타요 테마파크,제주 서귀포시 안덕면 병악로 269,제주특별자치도 서귀포시 안덕면 상창리,647428555.0,3,38500,20220308,50130,31024
48,키즈,뽀로로앤타요 테마파크,제주 서귀포시 안덕면 병악로 269,제주특별자치도 서귀포시 안덕면 상창리,647428555.0,4,56000,20220308,50130,31024
49,키즈,뽀로로앤타요 테마파크,제주 서귀포시 안덕면 병악로 269,제주특별자치도 서귀포시 안덕면 상창리,647428555.0,3,38500,20220308,50130,31024
50,키즈,뽀로로앤타요 테마파크,제주 서귀포시 안덕면 병악로 269,제주특별자치도 서귀포시 안덕면 상창리,647428555.0,2,0,20220310,50130,31024
51,키즈,뽀로로앤타요 테마파크,제주 서귀포시 안덕면 병악로 269,제주특별자치도 서귀포시 안덕면 상창리,647428555.0,3,38500,20220309,50130,31024
52,키즈,뽀로로앤타요 테마파크,제주 서귀포시 안덕면 병악로 269,제주특별자치도 서귀포시 안덕면 상창리,647428555.0,3,38500,20220309,50130,31024
53,키즈,뽀로로앤타요 테마파크,제주 서귀포시 안덕면 병악로 269,제주특별자치도 서귀포시 안덕면 상창리,647428555.0,3,38500,20220309,50130,31024
54,키즈,뽀로로앤타요 테마파크,제주 서귀포시 안덕면 병악로 269,제주특별자치도 서귀포시 안덕면 상창리,647428555.0,1,41700,20220309,50130,31024
55,키즈,뽀로로앤타요 테마파크,제주 서귀포시 안덕면 병악로 269,제주특별자치도 서귀포시 안덕면 상창리,647428555.0,2,83400,20220309,50130,31024
56,키즈,뽀로로앤타요 테마파크,제주 서귀포시 안덕면 병악로 269,제주특별자치도 서귀포시 안덕면 상창리,647428555.0,1,17500,20220309,50130,31024
57,키즈,돈키쥬쥬,제주 제주시 은수길 65,제주특별자치도 제주시 연동,647555920.0,3,18000,20220309,50110,13700
58,키즈,돈키쥬쥬,제주 제주시 은수길 65,제주특별자치도 제주시 연동,647555920.0,3,49900,20220310,50110,13700
59,키즈,뽀로로앤타요 테마파크,제주 서귀포시 안덕면 병악로 269,제주특별자치도 서귀포시 안덕면 상창리,647428555.0,4,49000,20220310,50130,31024
60,키즈,뽀로로앤타요 테마파크,제주 서귀포시 안덕면 병악로 269,제주특별자치도 서귀포시 안덕면 상창리,647428555.0,2,21000,20220310,50130,31024
61,키즈,돈키쥬쥬,제주 제주시 은수길 65,제주특별자치도 제주시 연동,647555920.0,1,6000,20220310,50110,13700
62,키즈,뽀로로앤타요 테마파크,제주 서귀포시 안덕면 병악로 269,제주특별자치도 서귀포시 안덕면 상창리,647428555.0,3,38500,20220311,50130,31024
63,키즈,돈키쥬쥬,제주 제주시 은수길 65,제주특별자치도 제주시 연동,647555920.0,2,12000,20220311,50110,13700
64,키즈,뽀로로앤타요 테마파크,제주 서귀포시 안덕면 병악로 269,제주특별자치도 서귀포시 안덕면 상창리,647428555.0,4,56000,20220311,50130,31024
65,키즈,뽀로로앤타요 테마파크,제주 서귀포시 안덕면 병악로 269,제주특별자치도 서귀포시 안덕면 상창리,647428555.0,3,38500,20220312,50130,31024
66,키즈,액트몬(신화월드점),제주 서귀포시 안덕면 신화역사로304번길 38,제주특별자치도 서귀포시 안덕면 서광리,7077861025.0,3,37800,20220313,50130,31027
67,키즈,액트몬(신화월드점),제주 서귀포시 안덕면 신화역사로304번길 38,제주특별자치도 서귀포시 안덕면 서광리,7077861025.0,2,28800,20220313,50130,31027
68,키즈,뽀로로앤타요 테마파크,제주 서귀포시 안덕면 병악로 269,제주특별자치도 서귀포시 안덕면 상창리,647428555.0,1,10500,20220313,50130,31024
69,키즈,뽀로로앤타요 테마파크,제주 서귀포시 안덕면 병악로 269,제주특별자치도 서귀포시 안덕면 상창리,647428555.0,3,31500,20220313,50130,31024
70,키즈,뽀로로앤타요 테마파크,제주 서귀포시 안덕면 병악로 269,제주특별자치도 서귀포시 안덕면 상창리,647428555.0,1,0,20220314,50130,31024
71,키즈,뽀로로앤타요 테마파크,제주 서귀포시 안덕면 병악로 269,제주특별자치도 서귀포시 안덕면 상창리,647428555.0,2,0,20220314,50130,31024
72,키즈,뽀로로앤타요 테마파크,제주 서귀포시 안덕면 병악로 269,제주특별자치도 서귀포시 안덕면 상창리,647428555.0,1,0,20220314,50130,31024
73,키즈,뽀로로앤타요 테마파크,제주 서귀포시 안덕면 병악로 269,제주특별자치도 서귀포시 안덕면 상창리,647428555.0,3,38500,20220313,50130,31024
74,키즈,뽀로로앤타요 테마파크,제주 서귀포시 안덕면 병악로 269,제주특별자치도 서귀포시 안덕면 상창리,647428555.0,3,38500,20220314,50130,31024
75,키즈,돈키쥬쥬,제주 제주시 은수길 65,제주특별자치도 제주시 연동,647555920.0,2,71800,20220315,50110,13700
76,키즈,뽀로로앤타요 테마파크,제주 서귀포시 안덕면 병악로 269,제주특별자치도 서귀포시 안덕면 상창리,647428555.0,3,38500,20220315,50130,31024
77,키즈,뽀로로앤타요 테마파크,제주 서귀포시 안덕면 병악로 269,제주특별자치도 서귀포시 안덕면 상창리,647428555.0,3,38500,20220315,50130,31024
78,키즈,뽀로로앤타요 테마파크,제주 서귀포시 안덕면 병악로 269,제주특별자치도 서귀포시 안덕면 상창리,647428555.0,2,28000,20220316,50130,31024
79,키즈,뽀로로앤타요 테마파크,제주 서귀포시 안덕면 병악로 269,제주특별자치도 서귀포시 안덕면 상창리,647428555.0,3,38500,20220316,50130,31024
80,키즈,뽀로로앤타요 테마파크,제주 서귀포시 안덕면 병악로 269,제주특별자치도 서귀포시 안덕면 상창리,647428555.0,1,10500,20220316,50130,31024
81,키즈,뽀로로앤타요 테마파크,제주 서귀포시 안덕면 병악로 269,제주특별자치도 서귀포시 안덕면 상창리,647428555.0,3,38500,20220316,50130,31024
82,키즈,뽀로로앤타요 테마파크,제주 서귀포시 안덕면 병악로 269,제주특별자치도 서귀포시 안덕면 상창리,647428555.0,4,56000,20220316,50130,31024
83,키즈,돈키쥬쥬,제주 제주시 은수길 65,제주특별자치도 제주시 연동,647555920.0,1,6000,20220316,50110,13700
84,키즈,돈키쥬쥬,제주 제주시 은수길 65,제주특별자치도 제주시 연동,647555920.0,1,6000,20220316,50110,13700
85,키즈,뽀로로앤타요 테마파크,제주 서귀포시 안덕면 병악로 269,제주특별자치도 서귀포시 안덕면 상창리,647428555.0,3,38500,20220317,50130,31024
86,키즈,뽀로로앤타요 테마파크,제주 서귀포시 안덕면 병악로 269,제주특별자치도 서귀포시 안덕면 상창리,647428555.0,3,38500,20220317,50130,31024
87,키즈,뽀로로앤타요 테마파크,제주 서귀포시 안덕면 병악로 269,제주특별자치도 서귀포시 안덕면 상창리,647428555.0,4,56000,20220318,50130,31024
88,키즈,뽀로로앤타요 테마파크,제주 서귀포시 안덕면 병악로 269,제주특별자치도 서귀포시 안덕면 상창리,647428555.0,5,59500,20220318,50130,31024
89,키즈,뽀로로앤타요 테마파크,제주 서귀포시 안덕면 병악로 269,제주특별자치도 서귀포시 안덕면 상창리,647428555.0,3,38500,20220319,50130,31024
90,키즈,뽀로로앤타요 테마파크,제주 서귀포시 안덕면 병악로 269,제주특별자치도 서귀포시 안덕면 상창리,647428555.0,2,28000,20220319,50130,31024
91,키즈,뽀로로앤타요 테마파크,제주 서귀포시 안덕면 병악로 269,제주특별자치도 서귀포시 안덕면 상창리,647428555.0,3,38500,20220319,50130,31024
92,키즈,뽀로로앤타요 테마파크,제주 서귀포시 안덕면 병악로 269,제주특별자치도 서귀포시 안덕면 상창리,647428555.0,3,38500,20220319,50130,31024
93,키즈,뽀로로앤타요 테마파크,제주 서귀포시 안덕면 병악로 269,제주특별자치도 서귀포시 안덕면 상창리,647428555.0,3,38500,20220320,50130,31024
94,키즈,뽀로로앤타요 테마파크,제주 서귀포시 안덕면 병악로 269,제주특별자치도 서귀포시 안덕면 상창리,647428555.0,3,38500,20220320,50130,31024
95,키즈,뽀로로앤타요 테마파크,제주 서귀포시 안덕면 병악로 269,제주특별자치도 서귀포시 안덕면 상창리,647428555.0,2,35000,20220320,50130,31024
96,키즈,뽀로로앤타요 테마파크,제주 서귀포시 안덕면 병악로 269,제주특별자치도 서귀포시 안덕면 상창리,647428555.0,3,36575,20220321,50130,31024
97,키즈,뽀로로앤타요 테마파크,제주 서귀포시 안덕면 병악로 269,제주특별자치도 서귀포시 안덕면 상창리,647428555.0,4,166800,20220321,50130,31024
98,키즈,뽀로로앤타요 테마파크,제주 서귀포시 안덕면 병악로 269,제주특별자치도 서귀포시 안덕면 상창리,647428555.0,1,17500,20220321,50130,31024
99,키즈,뽀로로앤타요 테마파크,제주 서귀포시 안덕면 병악로 269,제주특별자치도 서귀포시 안덕면 상창리,647428555.0,2,55800,20220321,50130,31024
100,키즈,뽀로로앤타요 테마파크,제주 서귀포시 안덕면 병악로 269,제주특별자치도 서귀포시 안덕면 상창리,647428555.0,4,46550,20220321,50130,31024
101,키즈,돈키쥬쥬,제주 제주시 은수길 65,제주특별자치도 제주시 연동,647555920.0,1,6000,20220322,50110,13700
102,키즈,돈키쥬쥬,제주 제주시 은수길 65,제주특별자치도 제주시 연동,647555920.0,1,6000,20220322,50110,13700
103,키즈,뽀로로앤타요 테마파크,제주 서귀포시 안덕면 병악로 269,제주특별자치도 서귀포시 안덕면 상창리,647428555.0,3,38500,20220322,50130,31024
104,키즈,뽀로로앤타요 테마파크,제주 서귀포시 안덕면 병악로 269,제주특별자치도 서귀포시 안덕면 상창리,647428555.0,3,38500,20220322,50130,31024
105,키즈,액트몬(신화월드점),제주 서귀포시 안덕면 신화역사로304번길 38,제주특별자치도 서귀포시 안덕면 서광리,7077861025.0,4,55800,20220322,50130,31027
106,키즈,뽀로로앤타요 테마파크,제주 서귀포시 안덕면 병악로 269,제주특별자치도 서귀포시 안덕면 상창리,647428555.0,3,38500,20220323,50130,31024
107,키즈,뽀로로앤타요 테마파크,제주 서귀포시 안덕면 병악로 269,제주특별자치도 서귀포시 안덕면 상창리,647428555.0,3,38500,20220323,50130,31024
108,키즈,뽀로로앤타요 테마파크,제주 서귀포시 안덕면 병악로 269,제주특별자치도 서귀포시 안덕면 상창리,647428555.0,3,38500,20220323,50130,31024
109,키즈,뽀로로앤타요 테마파크,제주 서귀포시 안덕면 병악로 269,제주특별자치도 서귀포시 안덕면 상창리,647428555.0,2,19950,20220323,50130,31024
110,키즈,뽀로로앤타요 테마파크,제주 서귀포시 안덕면 병악로 269,제주특별자치도 서귀포시 안덕면 상창리,647428555.0,3,38500,20220324,50130,31024
111,키즈,뽀로로앤타요 테마파크,제주 서귀포시 안덕면 병악로 269,제주특별자치도 서귀포시 안덕면 상창리,647428555.0,4,46550,20220324,50130,31024
112,키즈,뽀로로앤타요 테마파크,제주 서귀포시 안덕면 병악로 269,제주특별자치도 서귀포시 안덕면 상창리,647428555.0,3,38500,20220324,50130,31024
113,키즈,뽀로로앤타요 테마파크,제주 서귀포시 안덕면 병악로 269,제주특별자치도 서귀포시 안덕면 상창리,647428555.0,5,59500,20220324,50130,31024
114,키즈,뽀로로앤타요 테마파크,제주 서귀포시 안덕면 병악로 269,제주특별자치도 서귀포시 안덕면 상창리,647428555.0,5,0,20220325,50130,31024
115,키즈,뽀로로앤타요 테마파크,제주 서귀포시 안덕면 병악로 269,제주특별자치도 서귀포시 안덕면 상창리,647428555.0,4,56000,20220325,50130,31024
116,키즈,뽀로로앤타요 테마파크,제주 서귀포시 안덕면 병악로 269,제주특별자치도 서귀포시 안덕면 상창리,647428555.0,1,10500,20220325,50130,31024
117,키즈,돈키쥬쥬,제주 제주시 은수길 65,제주특별자치도 제주시 연동,647555920.0,4,24000,20220325,50110,13700
118,키즈,뽀로로앤타요 테마파크,제주 서귀포시 안덕면 병악로 269,제주특별자치도 서귀포시 안덕면 상창리,647428555.0,4,42000,20220325,50130,31024
119,키즈,뽀로로앤타요 테마파크,제주 서귀포시 안덕면 병악로 269,제주특별자치도 서귀포시 안덕면 상창리,647428555.0,2,35000,20220325,50130,31024
120,키즈,뽀로로앤타요 테마파크,제주 서귀포시 안덕면 병악로 269,제주특별자치도 서귀포시 안덕면 상창리,647428555.0,2,0,20220330,50130,31024
121,키즈,뽀로로앤타요 테마파크,제주 서귀포시 안덕면 병악로 269,제주특별자치도 서귀포시 안덕면 상창리,647428555.0,2,21000,20220326,50130,31024
122,키즈,뽀로로앤타요 테마파크,제주 서귀포시 안덕면 병악로 269,제주특별자치도 서귀포시 안덕면 상창리,647428555.0,2,28000,20220326,50130,31024
123,키즈,뽀로로앤타요 테마파크,제주 서귀포시 안덕면 병악로 269,제주특별자치도 서귀포시 안덕면 상창리,647428555.0,4,56000,20220326,50130,31024
124,키즈,뽀로로앤타요 테마파크,제주 서귀포시 안덕면 병악로 269,제주특별자치도 서귀포시 안덕면 상창리,647428555.0,3,38500,20220326,50130,31024
125,키즈,뽀로로앤타요 테마파크,제주 서귀포시 안덕면 병악로 269,제주특별자치도 서귀포시 안덕면 상창리,647428555.0,3,38500,20220326,50130,31024
126,키즈,뽀로로앤타요 테마파크,제주 서귀포시 안덕면 병악로 269,제주특별자치도 서귀포시 안덕면 상창리,647428555.0,4,49000,20220327,50130,31024
127,키즈,뽀로로앤타요 테마파크,제주 서귀포시 안덕면 병악로 269,제주특별자치도 서귀포시 안덕면 상창리,647428555.0,3,38500,20220327,50130,31024
128,키즈,뽀로로앤타요 테마파크,제주 서귀포시 안덕면 병악로 269,제주특별자치도 서귀포시 안덕면 상창리,647428555.0,3,38500,20220327,50130,31024
129,키즈,뽀로로앤타요 테마파크,제주 서귀포시 안덕면 병악로 269,제주특별자치도 서귀포시 안덕면 상창리,647428555.0,3,38500,20220328,50130,31024
130,키즈,뽀로로앤타요 테마파크,제주 서귀포시 안덕면 병악로 269,제주특별자치도 서귀포시 안덕면 상창리,647428555.0,4,56000,20220328,50130,31024
131,키즈,뽀로로앤타요 테마파크,제주 서귀포시 안덕면 병악로 269,제주특별자치도 서귀포시 안덕면 상창리,647428555.0,3,36575,20220329,50130,31024
132,키즈,뽀로로앤타요 테마파크,제주 서귀포시 안덕면 병악로 269,제주특별자치도 서귀포시 안덕면 상창리,647428555.0,3,38500,20220329,50130,31024
133,키즈,뽀로로앤타요 테마파크,제주 서귀포시 안덕면 병악로 269,제주특별자치도 서귀포시 안덕면 상창리,647428555.0,6,77000,20220329,50130,31024
134,키즈,뽀로로앤타요 테마파크,제주 서귀포시 안덕면 병악로 269,제주특별자치도 서귀포시 안덕면 상창리,647428555.0,1,10500,20220329,50130,31024
135,키즈,공룡랜드,제주 제주시 애월읍 광령평화2길 1,제주특별자치도 제주시 애월읍 광령리,647463060.0,2,0,20220308,50110,25321
136,키즈,공룡랜드,제주 제주시 애월읍 광령평화2길 1,제주특별자치도 제주시 애월읍 광령리,647463060.0,2,0,20220308,50110,25321
137,키즈,공룡랜드,제주 제주시 애월읍 광령평화2길 1,제주특별자치도 제주시 애월읍 광령리,647463060.0,1,0,20220308,50110,25321
138,키즈,공룡랜드,제주 제주시 애월읍 광령평화2길 1,제주특별자치도 제주시 애월읍 광령리,647463060.0,1,0,20220308,50110,25321
139,키즈,공룡랜드,제주 제주시 애월읍 광령평화2길 1,제주특별자치도 제주시 애월읍 광령리,647463060.0,2,0,20220308,50110,25321
140,키즈,돈키쥬쥬,제주 제주시 은수길 65,제주특별자치도 제주시 연동,647555920.0,2,12000,20220329,50110,13700
141,키즈,돈키쥬쥬,제주 제주시 은수길 65,제주특별자치도 제주시 연동,647555920.0,2,12000,20220329,50110,13700
142,키즈,돈키쥬쥬,제주 제주시 은수길 65,제주특별자치도 제주시 연동,647555920.0,2,12000,20220329,50110,13700
143,키즈,뽀로로앤타요 테마파크,제주 서귀포시 안덕면 병악로 269,제주특별자치도 서귀포시 안덕면 상창리,647428555.0,3,38500,20220330,50130,31024
144,키즈,뽀로로앤타요 테마파크,제주 서귀포시 안덕면 병악로 269,제주특별자치도 서귀포시 안덕면 상창리,647428555.0,7,87500,20220330,50130,31024
145,키즈,뽀로로앤타요 테마파크,제주 서귀포시 안덕면 병악로 269,제주특별자치도 서귀포시 안덕면 상창리,647428555.0,1,17500,20220330,50130,31024
146,키즈,뽀로로앤타요 테마파크,제주 서귀포시 안덕면 병악로 269,제주특별자치도 서귀포시 안덕면 상창리,647428555.0,2,21000,20220330,50130,31024
147,키즈,뽀로로앤타요 테마파크,제주 서귀포시 안덕면 병악로 269,제주특별자치도 서귀포시 안덕면 상창리,647428555.0,3,38500,20220330,50130,31024
148,키즈,뽀로로앤타요 테마파크,제주 서귀포시 안덕면 병악로 269,제주특별자치도 서귀포시 안덕면 상창리,647428555.0,3,38500,20220331,50130,31024
149,키즈,뽀로로앤타요 테마파크,제주 서귀포시 안덕면 병악로 269,제주특별자치도 서귀포시 안덕면 상창리,647428555.0,1,10500,20220331,50130,31024
150,키즈,뽀로로앤타요 테마파크,제주 서귀포시 안덕면 병악로 269,제주특별자치도 서귀포시 안덕면 상창리,647428555.0,4,56000,20220331,50130,31024
151,키즈,뽀로로앤타요 테마파크,제주 서귀포시 안덕면 병악로 269,제주특별자치도 서귀포시 안덕면 상창리,647428555.0,3,38500,20220331,50130,31024
152,키즈,뽀로로앤타요 테마파크,제주 서귀포시 안덕면 병악로 269,제주특별자치도 서귀포시 안덕면 상창리,647428555.0,2,21000,20220331,50130,31024
153,키즈,뽀로로앤타요 테마파크,제주 서귀포시 안덕면 병악로 269,제주특별자치도 서귀포시 안덕면 상창리,647428555.0,3,38500,20220401,50130,31024
154,키즈,뽀로로앤타요 테마파크,제주 서귀포시 안덕면 병악로 269,제주특별자치도 서귀포시 안덕면 상창리,647428555.0,3,38500,20220401,50130,31024
155,키즈,뽀로로앤타요 테마파크,제주 서귀포시 안덕면 병악로 269,제주특별자치도 서귀포시 안덕면 상창리,647428555.0,5,59500,20220401,50130,31024
156,키즈,뽀로로앤타요 테마파크,제주 서귀포시 안덕면 병악로 269,제주특별자치도 서귀포시 안덕면 상창리,647428555.0,3,38500,20220401,50130,31024
157,키즈,뽀로로앤타요 테마파크,제주 서귀포시 안덕면 병악로 269,제주특별자치도 서귀포시 안덕면 상창리,647428555.0,3,38500,20220401,50130,31024
158,키즈,뽀로로앤타요 테마파크,제주 서귀포시 안덕면 병악로 269,제주특별자치도 서귀포시 안덕면 상창리,647428555.0,1,17500,20220401,50130,31024
159,키즈,뽀로로앤타요 테마파크,제주 서귀포시 안덕면 병악로 269,제주특별자치도 서귀포시 안덕면 상창리,647428555.0,5,66500,20220401,50130,31024
160,키즈,뽀로로앤타요 테마파크,제주 서귀포시 안덕면 병악로 269,제주특별자치도 서귀포시 안덕면 상창리,647428555.0,1,10500,20220402,50130,31024
161,키즈,뽀로로앤타요 테마파크,제주 서귀포시 안덕면 병악로 269,제주특별자치도 서귀포시 안덕면 상창리,647428555.0,1,10500,20220402,50130,31024
162,키즈,뽀로로앤타요 테마파크,제주 서귀포시 안덕면 병악로 269,제주특별자치도 서귀포시 안덕면 상창리,647428555.0,1,17500,20220402,50130,31024
163,키즈,뽀로로앤타요 테마파크,제주 서귀포시 안덕면 병악로 269,제주특별자치도 서귀포시 안덕면 상창리,647428555.0,1,17500,20220403,50130,31024
164,키즈,뽀로로앤타요 테마파크,제주 서귀포시 안덕면 병악로 269,제주특별자치도 서귀포시 안덕면 상창리,647428555.0,2,83400,20220403,50130,31024
165,키즈,뽀로로앤타요 테마파크,제주 서귀포시 안덕면 병악로 269,제주특별자치도 서귀포시 안덕면 상창리,647428555.0,3,38500,20220403,50130,31024
166,키즈,돈키쥬쥬,제주 제주시 은수길 65,제주특별자치도 제주시 연동,647555920.0,2,12000,20220403,50110,13700
167,키즈,뽀로로앤타요 테마파크,제주 서귀포시 안덕면 병악로 269,제주특별자치도 서귀포시 안덕면 상창리,647428555.0,1,17500,20220403,50130,31024
168,키즈,뽀로로앤타요 테마파크,제주 서귀포시 안덕면 병악로 269,제주특별자치도 서귀포시 안덕면 상창리,647428555.0,2,21000,20220403,50130,31024
169,키즈,뽀로로앤타요 테마파크,제주 서귀포시 안덕면 병악로 269,제주특별자치도 서귀포시 안덕면 상창리,647428555.0,2,21000,20220403,50130,31024
170,키즈,뽀로로앤타요 테마파크,제주 서귀포시 안덕면 병악로 269,제주특별자치도 서귀포시 안덕면 상창리,647428555.0,3,36575,20220403,50130,31024
171,키즈,뽀로로앤타요 테마파크,제주 서귀포시 안덕면 병악로 269,제주특별자치도 서귀포시 안덕면 상창리,647428555.0,3,38500,20220404,50130,31024
172,키즈,뽀로로앤타요 테마파크,제주 서귀포시 안덕면 병악로 269,제주특별자치도 서귀포시 안덕면 상창리,647428555.0,1,17500,20220404,50130,31024
173,키즈,뽀로로앤타요 테마파크,제주 서귀포시 안덕면 병악로 269,제주특별자치도 서귀포시 안덕면 상창리,647428555.0,2,83400,20220404,50130,31024
174,키즈,뽀로로앤타요 테마파크,제주 서귀포시 안덕면 병악로 269,제주특별자치도 서귀포시 안덕면 상창리,647428555.0,3,38500,20220405,50130,31024
175,키즈,뽀로로앤타요 테마파크,제주 서귀포시 안덕면 병악로 269,제주특별자치도 서귀포시 안덕면 상창리,647428555.0,2,28000,20220405,50130,31024
176,키즈,뽀로로앤타요 테마파크,제주 서귀포시 안덕면 병악로 269,제주특별자치도 서귀포시 안덕면 상창리,647428555.0,3,38500,20220405,50130,31024
177,키즈,돈키쥬쥬,제주 제주시 은수길 65,제주특별자치도 제주시 연동,647555920.0,3,18000,20220405,50110,13700
178,키즈,뽀로로앤타요 테마파크,제주 서귀포시 안덕면 병악로 269,제주특별자치도 서귀포시 안덕면 상창리,647428555.0,4,56000,20220406,50130,31024
179,키즈,뽀로로앤타요 테마파크,제주 서귀포시 안덕면 병악로 269,제주특별자치도 서귀포시 안덕면 상창리,647428555.0,3,38500,20220406,50130,31024
180,키즈,뽀로로앤타요 테마파크,제주 서귀포시 안덕면 병악로 269,제주특별자치도 서귀포시 안덕면 상창리,647428555.0,2,0,20220407,50130,31024
181,키즈,뽀로로앤타요 테마파크,제주 서귀포시 안덕면 병악로 269,제주특별자치도 서귀포시 안덕면 상창리,647428555.0,4,54800,20220407,50130,31024
182,키즈,뽀로로앤타요 테마파크,제주 서귀포시 안덕면 병악로 269,제주특별자치도 서귀포시 안덕면 상창리,647428555.0,3,38500,20220407,50130,31024
183,키즈,돈키쥬쥬,제주 제주시 은수길 65,제주특별자치도 제주시 연동,647555920.0,2,12000,20220407,50110,13700
184,키즈,뽀로로앤타요 테마파크,제주 서귀포시 안덕면 병악로 269,제주특별자치도 서귀포시 안덕면 상창리,647428555.0,4,54800,20220407,50130,31024
185,키즈,뽀로로앤타요 테마파크,제주 서귀포시 안덕면 병악로 269,제주특별자치도 서귀포시 안덕면 상창리,647428555.0,3,38500,20220407,50130,31024
186,키즈,뽀로로앤타요 테마파크,제주 서귀포시 안덕면 병악로 269,제주특별자치도 서귀포시 안덕면 상창리,647428555.0,3,38500,20220407,50130,31024
187,키즈,뽀로로앤타요 테마파크,제주 서귀포시 안덕면 병악로 269,제주특별자치도 서귀포시 안덕면 상창리,647428555.0,3,38500,20220407,50130,31024
188,키즈,뽀로로앤타요 테마파크,제주 서귀포시 안덕면 병악로 269,제주특별자치도 서귀포시 안덕면 상창리,647428555.0,2,28000,20220407,50130,31024
189,키즈,뽀로로앤타요 테마파크,제주 서귀포시 안덕면 병악로 269,제주특별자치도 서귀포시 안덕면 상창리,647428555.0,3,38500,20220408,50130,31024
190,키즈,뽀로로앤타요 테마파크,제주 서귀포시 안덕면 병악로 269,제주특별자치도 서귀포시 안덕면 상창리,647428555.0,6,70000,20220408,50130,31024
191,키즈,뽀로로앤타요 테마파크,제주 서귀포시 안덕면 병악로 269,제주특별자치도 서귀포시 안덕면 상창리,647428555.0,3,38500,20220408,50130,31024
192,키즈,액트몬(신화월드점),제주 서귀포시 안덕면 신화역사로304번길 38,제주특별자치도 서귀포시 안덕면 서광리,7077861025.0,3,43200,20220408,50130,31027
193,키즈,뽀로로앤타요 테마파크,제주 서귀포시 안덕면 병악로 269,제주특별자치도 서귀포시 안덕면 상창리,647428555.0,3,38500,20220409,50130,31024
194,키즈,뽀로로앤타요 테마파크,제주 서귀포시 안덕면 병악로 269,제주특별자치도 서귀포시 안덕면 상창리,647428555.0,3,38500,20220409,50130,31024
195,키즈,뽀로로앤타요 테마파크,제주 서귀포시 안덕면 병악로 269,제주특별자치도 서귀포시 안덕면 상창리,647428555.0,3,38500,20220409,50130,31024
196,키즈,뽀로로앤타요 테마파크,제주 서귀포시 안덕면 병악로 269,제주특별자치도 서귀포시 안덕면 상창리,647428555.0,3,36575,20220409,50130,31024
197,키즈,뽀로로앤타요 테마파크,제주 서귀포시 안덕면 병악로 269,제주특별자치도 서귀포시 안덕면 상창리,647428555.0,4,49000,20220409,50130,31024
198,키즈,뽀로로앤타요 테마파크,제주 서귀포시 안덕면 병악로 269,제주특별자치도 서귀포시 안덕면 상창리,647428555.0,4,56000,20220409,50130,31024
199,키즈,뽀로로앤타요 테마파크,제주 서귀포시 안덕면 병악로 269,제주특별자치도 서귀포시 안덕면 상창리,647428555.0,3,38500,20220409,50130,31024
200,키즈,뽀로로앤타요 테마파크,제주 서귀포시 안덕면 병악로 269,제주특별자치도 서귀포시 안덕면 상창리,647428555.0,1,0,20220410,50130,31024
201,키즈,뽀로로앤타요 테마파크,제주 서귀포시 안덕면 병악로 269,제주특별자치도 서귀포시 안덕면 상창리,647428555.0,2,28000,20220410,50130,31024
202,키즈,뽀로로앤타요 테마파크,제주 서귀포시 안덕면 병악로 269,제주특별자치도 서귀포시 안덕면 상창리,647428555.0,4,56000,20220410,50130,31024
203,키즈,뽀로로앤타요 테마파크,제주 서귀포시 안덕면 병악로 269,제주특별자치도 서귀포시 안덕면 상창리,647428555.0,3,38500,20220410,50130,31024
204,키즈,뽀로로앤타요 테마파크,제주 서귀포시 안덕면 병악로 269,제주특별자치도 서귀포시 안덕면 상창리,647428555.0,3,38500,20220410,50130,31024
205,키즈,뽀로로앤타요 테마파크,제주 서귀포시 안덕면 병악로 269,제주특별자치도 서귀포시 안덕면 상창리,647428555.0,4,49000,20220411,50130,31024
206,키즈,뽀로로앤타요 테마파크,제주 서귀포시 안덕면 병악로 269,제주특별자치도 서귀포시 안덕면 상창리,647428555.0,3,38500,20220411,50130,31024
207,키즈,뽀로로앤타요 테마파크,제주 서귀포시 안덕면 병악로 269,제주특별자치도 서귀포시 안덕면 상창리,647428555.0,3,37350,20220411,50130,31024
208,키즈,뽀로로앤타요 테마파크,제주 서귀포시 안덕면 병악로 269,제주특별자치도 서귀포시 안덕면 상창리,647428555.0,3,38500,20220411,50130,31024
209,키즈,뽀로로앤타요 테마파크,제주 서귀포시 안덕면 병악로 269,제주특별자치도 서귀포시 안덕면 상창리,647428555.0,2,28000,20220411,50130,31024
210,키즈,뽀로로앤타요 테마파크,제주 서귀포시 안덕면 병악로 269,제주특별자치도 서귀포시 안덕면 상창리,647428555.0,3,38500,20220411,50130,31024
211,키즈,뽀로로앤타요 테마파크,제주 서귀포시 안덕면 병악로 269,제주특별자치도 서귀포시 안덕면 상창리,647428555.0,3,38500,20220411,50130,31024
212,키즈,뽀로로앤타요 테마파크,제주 서귀포시 안덕면 병악로 269,제주특별자치도 서귀포시 안덕면 상창리,647428555.0,2,0,20220412,50130,31024
213,키즈,뽀로로앤타요 테마파크,제주 서귀포시 안덕면 병악로 269,제주특별자치도 서귀포시 안덕면 상창리,647428555.0,2,0,20220412,50130,31024
214,키즈,뽀로로앤타요 테마파크,제주 서귀포시 안덕면 병악로 269,제주특별자치도 서귀포시 안덕면 상창리,647428555.0,1,17500,20220412,50130,31024
215,키즈,뽀로로앤타요 테마파크,제주 서귀포시 안덕면 병악로 269,제주특별자치도 서귀포시 안덕면 상창리,647428555.0,2,0,20220412,50130,31024
216,키즈,뽀로로앤타요 테마파크,제주 서귀포시 안덕면 병악로 269,제주특별자치도 서귀포시 안덕면 상창리,647428555.0,4,46550,20220412,50130,31024
217,키즈,뽀로로앤타요 테마파크,제주 서귀포시 안덕면 병악로 269,제주특별자치도 서귀포시 안덕면 상창리,647428555.0,3,38500,20220413,50130,31024
218,키즈,뽀로로앤타요 테마파크,제주 서귀포시 안덕면 병악로 269,제주특별자치도 서귀포시 안덕면 상창리,647428555.0,4,56000,20220413,50130,31024
219,키즈,뽀로로앤타요 테마파크,제주 서귀포시 안덕면 병악로 269,제주특별자치도 서귀포시 안덕면 상창리,647428555.0,2,21000,20220413,50130,31024
220,키즈,뽀로로앤타요 테마파크,제주 서귀포시 안덕면 병악로 269,제주특별자치도 서귀포시 안덕면 상창리,647428555.0,3,38500,20220413,50130,31024
221,키즈,뽀로로앤타요 테마파크,제주 서귀포시 안덕면 병악로 269,제주특별자치도 서귀포시 안덕면 상창리,647428555.0,3,38500,20220414,50130,31024
222,키즈,뽀로로앤타요 테마파크,제주 서귀포시 안덕면 병악로 269,제주특별자치도 서귀포시 안덕면 상창리,647428555.0,3,38500,20220414,50130,31024
223,키즈,뽀로로앤타요 테마파크,제주 서귀포시 안덕면 병악로 269,제주특별자치도 서귀포시 안덕면 상창리,647428555.0,4,56000,20220414,50130,31024
224,키즈,뽀로로앤타요 테마파크,제주 서귀포시 안덕면 병악로 269,제주특별자치도 서귀포시 안덕면 상창리,647428555.0,3,64000,20220414,50130,31024
225,키즈,뽀로로앤타요 테마파크,제주 서귀포시 안덕면 병악로 269,제주특별자치도 서귀포시 안덕면 상창리,647428555.0,4,56000,20220414,50130,31024
226,키즈,뽀로로앤타요 테마파크,제주 서귀포시 안덕면 병악로 269,제주특별자치도 서귀포시 안덕면 상창리,647428555.0,3,38500,20220414,50130,31024
227,키즈,코코몽에코파크,제주 서귀포시 남원읍 태위로 536 제주코코몽에코파크,제주특별자치도 서귀포시 남원읍 남원리,16614284.0,4,53500,20220414,50130,25321
228,키즈,뽀로로앤타요 테마파크,제주 서귀포시 안덕면 병악로 269,제주특별자치도 서귀포시 안덕면 상창리,647428555.0,3,38500,20220414,50130,31024
229,키즈,뽀로로앤타요 테마파크,제주 서귀포시 안덕면 병악로 269,제주특별자치도 서귀포시 안덕면 상창리,647428555.0,4,49000,20220414,50130,31024
230,키즈,뽀로로앤타요 테마파크,제주 서귀포시 안덕면 병악로 269,제주특별자치도 서귀포시 안덕면 상창리,647428555.0,2,26600,20220414,50130,31024
231,키즈,뽀로로앤타요 테마파크,제주 서귀포시 안덕면 병악로 269,제주특별자치도 서귀포시 안덕면 상창리,647428555.0,4,56000,20220414,50130,31024
232,키즈,뽀로로앤타요 테마파크,제주 서귀포시 안덕면 병악로 269,제주특별자치도 서귀포시 안덕면 상창리,647428555.0,3,38500,20220414,50130,31024
233,키즈,돈키쥬쥬,제주 제주시 은수길 65,제주특별자치도 제주시 연동,647555920.0,2,0,20220415,50110,13700
234,키즈,뽀로로앤타요 테마파크,제주 서귀포시 안덕면 병악로 269,제주특별자치도 서귀포시 안덕면 상창리,647428555.0,3,38500,20220415,50130,31024
235,키즈,뽀로로앤타요 테마파크,제주 서귀포시 안덕면 병악로 269,제주특별자치도 서귀포시 안덕면 상창리,647428555.0,1,10500,20220415,50130,31024
236,키즈,뽀로로앤타요 테마파크,제주 서귀포시 안덕면 병악로 269,제주특별자치도 서귀포시 안덕면 상창리,647428555.0,3,38500,20220415,50130,31024
237,키즈,뽀로로앤타요 테마파크,제주 서귀포시 안덕면 병악로 269,제주특별자치도 서귀포시 안덕면 상창리,647428555.0,3,38500,20220415,50130,31024
238,키즈,뽀로로앤타요 테마파크,제주 서귀포시 안덕면 병악로 269,제주특별자치도 서귀포시 안덕면 상창리,647428555.0,3,38500,20220415,50130,31024
239,키즈,뽀로로앤타요 테마파크,제주 서귀포시 안덕면 병악로 269,제주특별자치도 서귀포시 안덕면 상창리,647428555.0,3,38500,20220415,50130,31024
240,키즈,뽀로로앤타요 테마파크,제주 서귀포시 안덕면 병악로 269,제주특별자치도 서귀포시 안덕면 상창리,647428555.0,2,21000,20220415,50130,31024
241,키즈,뽀로로앤타요 테마파크,제주 서귀포시 안덕면 병악로 269,제주특별자치도 서귀포시 안덕면 상창리,647428555.0,4,56000,20220415,50130,31024
242,키즈,뽀로로앤타요 테마파크,제주 서귀포시 안덕면 병악로 269,제주특별자치도 서귀포시 안덕면 상창리,647428555.0,1,17500,20220415,50130,31024
243,키즈,뽀로로앤타요 테마파크,제주 서귀포시 안덕면 병악로 269,제주특별자치도 서귀포시 안덕면 상창리,647428555.0,1,10500,20220415,50130,31024
244,키즈,뽀로로앤타요 테마파크,제주 서귀포시 안덕면 병악로 269,제주특별자치도 서귀포시 안덕면 상창리,647428555.0,3,38500,20220415,50130,31024
245,키즈,뽀로로앤타요 테마파크,제주 서귀포시 안덕면 병악로 269,제주특별자치도 서귀포시 안덕면 상창리,647428555.0,3,38500,20220415,50130,31024
246,키즈,뽀로로앤타요 테마파크,제주 서귀포시 안덕면 병악로 269,제주특별자치도 서귀포시 안덕면 상창리,647428555.0,3,38500,20220416,50130,31024
247,키즈,뽀로로앤타요 테마파크,제주 서귀포시 안덕면 병악로 269,제주특별자치도 서귀포시 안덕면 상창리,647428555.0,3,36575,20220416,50130,31024
248,키즈,뽀로로앤타요 테마파크,제주 서귀포시 안덕면 병악로 269,제주특별자치도 서귀포시 안덕면 상창리,647428555.0,4,53200,20220416,50130,31024
249,키즈,뽀로로앤타요 테마파크,제주 서귀포시 안덕면 병악로 269,제주특별자치도 서귀포시 안덕면 상창리,647428555.0,3,36575,20220416,50130,31024
250,키즈,뽀로로앤타요 테마파크,제주 서귀포시 안덕면 병악로 269,제주특별자치도 서귀포시 안덕면 상창리,647428555.0,6,77000,20220416,50130,31024
251,키즈,뽀로로앤타요 테마파크,제주 서귀포시 안덕면 병악로 269,제주특별자치도 서귀포시 안덕면 상창리,647428555.0,3,38500,20220416,50130,31024
252,키즈,뽀로로앤타요 테마파크,제주 서귀포시 안덕면 병악로 269,제주특별자치도 서귀포시 안덕면 상창리,647428555.0,2,83400,20220417,50130,31024
253,키즈,돈키쥬쥬,제주 제주시 은수길 65,제주특별자치도 제주시 연동,647555920.0,2,12000,20220417,50110,13700
254,키즈,뽀로로앤타요 테마파크,제주 서귀포시 안덕면 병악로 269,제주특별자치도 서귀포시 안덕면 상창리,647428555.0,2,21000,20220417,50130,31024
255,키즈,뽀로로앤타요 테마파크,제주 서귀포시 안덕면 병악로 269,제주특별자치도 서귀포시 안덕면 상창리,647428555.0,3,38500,20220417,50130,31024
256,키즈,뽀로로앤타요 테마파크,제주 서귀포시 안덕면 병악로 269,제주특별자치도 서귀포시 안덕면 상창리,647428555.0,3,38500,20220417,50130,31024
257,키즈,뽀로로앤타요 테마파크,제주 서귀포시 안덕면 병악로 269,제주특별자치도 서귀포시 안덕면 상창리,647428555.0,3,38500,20220418,50130,31024
258,키즈,뽀로로앤타요 테마파크,제주 서귀포시 안덕면 병악로 269,제주특별자치도 서귀포시 안덕면 상창리,647428555.0,3,36575,20220418,50130,31024
259,키즈,뽀로로앤타요 테마파크,제주 서귀포시 안덕면 병악로 269,제주특별자치도 서귀포시 안덕면 상창리,647428555.0,3,38500,20220418,50130,31024
260,키즈,뽀로로앤타요 테마파크,제주 서귀포시 안덕면 병악로 269,제주특별자치도 서귀포시 안덕면 상창리,647428555.0,3,38500,20220418,50130,31024
261,키즈,뽀로로앤타요 테마파크,제주 서귀포시 안덕면 병악로 269,제주특별자치도 서귀포시 안덕면 상창리,647428555.0,3,38500,20220418,50130,31024
262,키즈,뽀로로앤타요 테마파크,제주 서귀포시 안덕면 병악로 269,제주특별자치도 서귀포시 안덕면 상창리,647428555.0,4,56000,20220418,50130,31024
263,키즈,뽀로로앤타요 테마파크,제주 서귀포시 안덕면 병악로 269,제주특별자치도 서귀포시 안덕면 상창리,647428555.0,1,0,20220419,50130,31024
264,키즈,뽀로로앤타요 테마파크,제주 서귀포시 안덕면 병악로 269,제주특별자치도 서귀포시 안덕면 상창리,647428555.0,1,0,20220419,50130,31024
265,키즈,뽀로로앤타요 테마파크,제주 서귀포시 안덕면 병악로 269,제주특별자치도 서귀포시 안덕면 상창리,647428555.0,4,42000,20220419,50130,31024
266,키즈,뽀로로앤타요 테마파크,제주 서귀포시 안덕면 병악로 269,제주특별자치도 서귀포시 안덕면 상창리,647428555.0,2,35000,20220419,50130,31024
267,키즈,뽀로로앤타요 테마파크,제주 서귀포시 안덕면 병악로 269,제주특별자치도 서귀포시 안덕면 상창리,647428555.0,1,17500,20220419,50130,31024
268,키즈,뽀로로앤타요 테마파크,제주 서귀포시 안덕면 병악로 269,제주특별자치도 서귀포시 안덕면 상창리,647428555.0,4,56000,20220419,50130,31024
269,키즈,뽀로로앤타요 테마파크,제주 서귀포시 안덕면 병악로 269,제주특별자치도 서귀포시 안덕면 상창리,647428555.0,10,133000,20220419,50130,31024
270,키즈,뽀로로앤타요 테마파크,제주 서귀포시 안덕면 병악로 269,제주특별자치도 서귀포시 안덕면 상창리,647428555.0,3,38500,20220419,50130,31024
271,키즈,뽀로로앤타요 테마파크,제주 서귀포시 안덕면 병악로 269,제주특별자치도 서귀포시 안덕면 상창리,647428555.0,5,56525,20220419,50130,31024
272,키즈,뽀로로앤타요 테마파크,제주 서귀포시 안덕면 병악로 269,제주특별자치도 서귀포시 안덕면 상창리,647428555.0,3,38500,20220419,50130,31024
273,키즈,뽀로로앤타요 테마파크,제주 서귀포시 안덕면 병악로 269,제주특별자치도 서귀포시 안덕면 상창리,647428555.0,2,21000,20220419,50130,31024
274,키즈,뽀로로앤타요 테마파크,제주 서귀포시 안덕면 병악로 269,제주특별자치도 서귀포시 안덕면 상창리,647428555.0,4,56000,20220419,50130,31024
275,키즈,뽀로로앤타요 테마파크,제주 서귀포시 안덕면 병악로 269,제주특별자치도 서귀포시 안덕면 상창리,647428555.0,3,38500,20220419,50130,31024
276,키즈,뽀로로앤타요 테마파크,제주 서귀포시 안덕면 병악로 269,제주특별자치도 서귀포시 안덕면 상창리,647428555.0,4,56000,20220419,50130,31024
277,키즈,뽀로로앤타요 테마파크,제주 서귀포시 안덕면 병악로 269,제주특별자치도 서귀포시 안덕면 상창리,647428555.0,3,38500,20220419,50130,31024
278,키즈,뽀로로앤타요 테마파크,제주 서귀포시 안덕면 병악로 269,제주특별자치도 서귀포시 안덕면 상창리,647428555.0,1,17500,20220420,50130,31024
279,키즈,뽀로로앤타요 테마파크,제주 서귀포시 안덕면 병악로 269,제주특별자치도 서귀포시 안덕면 상창리,647428555.0,2,83400,20220420,50130,31024
280,키즈,뽀로로앤타요 테마파크,제주 서귀포시 안덕면 병악로 269,제주특별자치도 서귀포시 안덕면 상창리,647428555.0,2,28000,20220420,50130,31024
281,키즈,뽀로로앤타요 테마파크,제주 서귀포시 안덕면 병악로 269,제주특별자치도 서귀포시 안덕면 상창리,647428555.0,3,38500,20220420,50130,31024
282,키즈,뽀로로앤타요 테마파크,제주 서귀포시 안덕면 병악로 269,제주특별자치도 서귀포시 안덕면 상창리,647428555.0,1,17500,20220420,50130,31024
283,키즈,뽀로로앤타요 테마파크,제주 서귀포시 안덕면 병악로 269,제주특별자치도 서귀포시 안덕면 상창리,647428555.0,2,83400,20220420,50130,31024
284,키즈,뽀로로앤타요 테마파크,제주 서귀포시 안덕면 병악로 269,제주특별자치도 서귀포시 안덕면 상창리,647428555.0,3,38500,20220420,50130,31024
285,키즈,뽀로로앤타요 테마파크,제주 서귀포시 안덕면 병악로 269,제주특별자치도 서귀포시 안덕면 상창리,647428555.0,3,38500,20220420,50130,31024
286,키즈,뽀로로앤타요 테마파크,제주 서귀포시 안덕면 병악로 269,제주특별자치도 서귀포시 안덕면 상창리,647428555.0,4,56000,20220420,50130,31024
287,키즈,뽀로로앤타요 테마파크,제주 서귀포시 안덕면 병악로 269,제주특별자치도 서귀포시 안덕면 상창리,647428555.0,2,0,20220420,50130,31024
288,키즈,뽀로로앤타요 테마파크,제주 서귀포시 안덕면 병악로 269,제주특별자치도 서귀포시 안덕면 상창리,647428555.0,2,0,20220420,50130,31024
289,키즈,뽀로로앤타요 테마파크,제주 서귀포시 안덕면 병악로 269,제주특별자치도 서귀포시 안덕면 상창리,647428555.0,3,38500,20220421,50130,31024
290,키즈,뽀로로앤타요 테마파크,제주 서귀포시 안덕면 병악로 269,제주특별자치도 서귀포시 안덕면 상창리,647428555.0,5,212000,20220421,50130,31024
291,키즈,뽀로로앤타요 테마파크,제주 서귀포시 안덕면 병악로 269,제주특별자치도 서귀포시 안덕면 상창리,647428555.0,1,17500,20220421,50130,31024
292,키즈,뽀로로앤타요 테마파크,제주 서귀포시 안덕면 병악로 269,제주특별자치도 서귀포시 안덕면 상창리,647428555.0,3,38500,20220421,50130,31024
293,키즈,뽀로로앤타요 테마파크,제주 서귀포시 안덕면 병악로 269,제주특별자치도 서귀포시 안덕면 상창리,647428555.0,4,56000,20220421,50130,31024
294,키즈,뽀로로앤타요 테마파크,제주 서귀포시 안덕면 병악로 269,제주특별자치도 서귀포시 안덕면 상창리,647428555.0,3,38500,20220421,50130,31024
295,키즈,뽀로로앤타요 테마파크,제주 서귀포시 안덕면 병악로 269,제주특별자치도 서귀포시 안덕면 상창리,647428555.0,3,38500,20220421,50130,31024
296,키즈,뽀로로앤타요 테마파크,제주 서귀포시 안덕면 병악로 269,제주특별자치도 서귀포시 안덕면 상창리,647428555.0,3,38500,20220421,50130,31024
297,키즈,뽀로로앤타요 테마파크,제주 서귀포시 안덕면 병악로 269,제주특별자치도 서귀포시 안덕면 상창리,647428555.0,3,38500,20220421,50130,31024
298,키즈,돈키쥬쥬,제주 제주시 은수길 65,제주특별자치도 제주시 연동,647555920.0,4,24000,20220421,50110,13700
299,키즈,뽀로로앤타요 테마파크,제주 서귀포시 안덕면 병악로 269,제주특별자치도 서귀포시 안덕면 상창리,647428555.0,3,38500,20220421,50130,31024
300,키즈,뽀로로앤타요 테마파크,제주 서귀포시 안덕면 병악로 269,제주특별자치도 서귀포시 안덕면 상창리,647428555.0,2,19950,20220421,50130,31024
301,키즈,뽀로로앤타요 테마파크,제주 서귀포시 안덕면 병악로 269,제주특별자치도 서귀포시 안덕면 상창리,647428555.0,3,38500,20220421,50130,31024
302,키즈,뽀로로앤타요 테마파크,제주 서귀포시 안덕면 병악로 269,제주특별자치도 서귀포시 안덕면 상창리,647428555.0,3,36575,20220421,50130,31024
303,키즈,뽀로로앤타요 테마파크,제주 서귀포시 안덕면 병악로 269,제주특별자치도 서귀포시 안덕면 상창리,647428555.0,5,0,20220422,50130,31024
304,키즈,뽀로로앤타요 테마파크,제주 서귀포시 안덕면 병악로 269,제주특별자치도 서귀포시 안덕면 상창리,647428555.0,4,56000,20220422,50130,31024
305,키즈,뽀로로앤타요 테마파크,제주 서귀포시 안덕면 병악로 269,제주특별자치도 서귀포시 안덕면 상창리,647428555.0,3,38500,20220422,50130,31024
306,키즈,뽀로로앤타요 테마파크,제주 서귀포시 안덕면 병악로 269,제주특별자치도 서귀포시 안덕면 상창리,647428555.0,4,49000,20220422,50130,31024
307,키즈,뽀로로앤타요 테마파크,제주 서귀포시 안덕면 병악로 269,제주특별자치도 서귀포시 안덕면 상창리,647428555.0,4,56000,20220422,50130,31024
308,키즈,뽀로로앤타요 테마파크,제주 서귀포시 안덕면 병악로 269,제주특별자치도 서귀포시 안덕면 상창리,647428555.0,3,38500,20220422,50130,31024
309,키즈,뽀로로앤타요 테마파크,제주 서귀포시 안덕면 병악로 269,제주특별자치도 서귀포시 안덕면 상창리,647428555.0,3,38500,20220422,50130,31024
310,키즈,뽀로로앤타요 테마파크,제주 서귀포시 안덕면 병악로 269,제주특별자치도 서귀포시 안덕면 상창리,647428555.0,3,37700,20220422,50130,31024
311,키즈,뽀로로앤타요 테마파크,제주 서귀포시 안덕면 병악로 269,제주특별자치도 서귀포시 안덕면 상창리,647428555.0,3,38500,20220422,50130,31024
312,키즈,뽀로로앤타요 테마파크,제주 서귀포시 안덕면 병악로 269,제주특별자치도 서귀포시 안덕면 상창리,647428555.0,3,35810,20220423,50130,31024
313,키즈,뽀로로앤타요 테마파크,제주 서귀포시 안덕면 병악로 269,제주특별자치도 서귀포시 안덕면 상창리,647428555.0,3,31500,20220423,50130,31024
314,키즈,액트몬(신화월드점),제주 서귀포시 안덕면 신화역사로304번길 38,제주특별자치도 서귀포시 안덕면 서광리,7077861025.0,3,41400,20220423,50130,31027
315,키즈,뽀로로앤타요 테마파크,제주 서귀포시 안덕면 병악로 269,제주특별자치도 서귀포시 안덕면 상창리,647428555.0,4,46550,20220423,50130,31024
316,키즈,뽀로로앤타요 테마파크,제주 서귀포시 안덕면 병악로 269,제주특별자치도 서귀포시 안덕면 상창리,647428555.0,4,56000,20220423,50130,31024
317,키즈,뽀로로앤타요 테마파크,제주 서귀포시 안덕면 병악로 269,제주특별자치도 서귀포시 안덕면 상창리,647428555.0,1,17500,20220424,50130,31024
318,키즈,뽀로로앤타요 테마파크,제주 서귀포시 안덕면 병악로 269,제주특별자치도 서귀포시 안덕면 상창리,647428555.0,1,17500,20220424,50130,31024
319,키즈,돈키쥬쥬,제주 제주시 은수길 65,제주특별자치도 제주시 연동,647555920.0,2,12000,20220424,50110,13700
320,키즈,돈키쥬쥬,제주 제주시 은수길 65,제주특별자치도 제주시 연동,647555920.0,2,12000,20220424,50110,13700
321,키즈,뽀로로앤타요 테마파크,제주 서귀포시 안덕면 병악로 269,제주특별자치도 서귀포시 안덕면 상창리,647428555.0,1,10500,20220424,50130,31024
322,키즈,뽀로로앤타요 테마파크,제주 서귀포시 안덕면 병악로 269,제주특별자치도 서귀포시 안덕면 상창리,647428555.0,2,35000,20220424,50130,31024
323,키즈,뽀로로앤타요 테마파크,제주 서귀포시 안덕면 병악로 269,제주특별자치도 서귀포시 안덕면 상창리,647428555.0,2,21000,20220424,50130,31024
324,키즈,뽀로로앤타요 테마파크,제주 서귀포시 안덕면 병악로 269,제주특별자치도 서귀포시 안덕면 상창리,647428555.0,3,38500,20220424,50130,31024
325,키즈,뽀로로앤타요 테마파크,제주 서귀포시 안덕면 병악로 269,제주특별자치도 서귀포시 안덕면 상창리,647428555.0,4,56000,20220424,50130,31024
326,키즈,뽀로로앤타요 테마파크,제주 서귀포시 안덕면 병악로 269,제주특별자치도 서귀포시 안덕면 상창리,647428555.0,3,38500,20220424,50130,31024
327,키즈,뽀로로앤타요 테마파크,제주 서귀포시 안덕면 병악로 269,제주특별자치도 서귀포시 안덕면 상창리,647428555.0,2,28000,20220424,50130,31024
328,키즈,뽀로로앤타요 테마파크,제주 서귀포시 안덕면 병악로 269,제주특별자치도 서귀포시 안덕면 상창리,647428555.0,1,10500,20220424,50130,31024
329,키즈,뽀로로앤타요 테마파크,제주 서귀포시 안덕면 병악로 269,제주특별자치도 서귀포시 안덕면 상창리,647428555.0,1,10500,20220424,50130,31024
330,키즈,뽀로로앤타요 테마파크,제주 서귀포시 안덕면 병악로 269,제주특별자치도 서귀포시 안덕면 상창리,647428555.0,1,10500,20220424,50130,31024
331,키즈,뽀로로앤타요 테마파크,제주 서귀포시 안덕면 병악로 269,제주특별자치도 서귀포시 안덕면 상창리,647428555.0,2,0,20220425,50130,31024
332,키즈,뽀로로앤타요 테마파크,제주 서귀포시 안덕면 병악로 269,제주특별자치도 서귀포시 안덕면 상창리,647428555.0,2,0,20220425,50130,31024
333,키즈,뽀로로앤타요 테마파크,제주 서귀포시 안덕면 병악로 269,제주특별자치도 서귀포시 안덕면 상창리,647428555.0,3,38500,20220425,50130,31024
334,키즈,뽀로로앤타요 테마파크,제주 서귀포시 안덕면 병악로 269,제주특별자치도 서귀포시 안덕면 상창리,647428555.0,4,49000,20220425,50130,31024
335,키즈,뽀로로앤타요 테마파크,제주 서귀포시 안덕면 병악로 269,제주특별자치도 서귀포시 안덕면 상창리,647428555.0,3,38500,20220425,50130,31024
336,키즈,뽀로로앤타요 테마파크,제주 서귀포시 안덕면 병악로 269,제주특별자치도 서귀포시 안덕면 상창리,647428555.0,1,17500,20220425,50130,31024
337,키즈,뽀로로앤타요 테마파크,제주 서귀포시 안덕면 병악로 269,제주특별자치도 서귀포시 안덕면 상창리,647428555.0,2,83400,20220425,50130,31024
338,키즈,뽀로로앤타요 테마파크,제주 서귀포시 안덕면 병악로 269,제주특별자치도 서귀포시 안덕면 상창리,647428555.0,1,17500,20220425,50130,31024
339,키즈,뽀로로앤타요 테마파크,제주 서귀포시 안덕면 병악로 269,제주특별자치도 서귀포시 안덕면 상창리,647428555.0,3,38500,20220425,50130,31024
340,키즈,뽀로로앤타요 테마파크,제주 서귀포시 안덕면 병악로 269,제주특별자치도 서귀포시 안덕면 상창리,647428555.0,2,28000,20220425,50130,31024
341,키즈,뽀로로앤타요 테마파크,제주 서귀포시 안덕면 병악로 269,제주특별자치도 서귀포시 안덕면 상창리,647428555.0,3,38500,20220425,50130,31024
342,키즈,뽀로로앤타요 테마파크,제주 서귀포시 안덕면 병악로 269,제주특별자치도 서귀포시 안덕면 상창리,647428555.0,3,38500,20220425,50130,31024
343,키즈,뽀로로앤타요 테마파크,제주 서귀포시 안덕면 병악로 269,제주특별자치도 서귀포시 안덕면 상창리,647428555.0,2,0,20220426,50130,31024
344,키즈,뽀로로앤타요 테마파크,제주 서귀포시 안덕면 병악로 269,제주특별자치도 서귀포시 안덕면 상창리,647428555.0,3,38500,20220426,50130,31024
345,키즈,뽀로로앤타요 테마파크,제주 서귀포시 안덕면 병악로 269,제주특별자치도 서귀포시 안덕면 상창리,647428555.0,3,38500,20220426,50130,31024
346,키즈,뽀로로앤타요 테마파크,제주 서귀포시 안덕면 병악로 269,제주특별자치도 서귀포시 안덕면 상창리,647428555.0,3,36575,20220426,50130,31024
347,키즈,뽀로로앤타요 테마파크,제주 서귀포시 안덕면 병악로 269,제주특별자치도 서귀포시 안덕면 상창리,647428555.0,3,38500,20220426,50130,31024
348,키즈,뽀로로앤타요 테마파크,제주 서귀포시 안덕면 병악로 269,제주특별자치도 서귀포시 안덕면 상창리,647428555.0,3,38500,20220426,50130,31024
349,키즈,뽀로로앤타요 테마파크,제주 서귀포시 안덕면 병악로 269,제주특별자치도 서귀포시 안덕면 상창리,647428555.0,2,21000,20220426,50130,31024
350,키즈,뽀로로앤타요 테마파크,제주 서귀포시 안덕면 병악로 269,제주특별자치도 서귀포시 안덕면 상창리,647428555.0,1,17500,20220426,50130,31024
351,키즈,뽀로로앤타요 테마파크,제주 서귀포시 안덕면 병악로 269,제주특별자치도 서귀포시 안덕면 상창리,647428555.0,4,56000,20220426,50130,31024
352,키즈,뽀로로앤타요 테마파크,제주 서귀포시 안덕면 병악로 269,제주특별자치도 서귀포시 안덕면 상창리,647428555.0,3,38500,20220426,50130,31024
353,키즈,뽀로로앤타요 테마파크,제주 서귀포시 안덕면 병악로 269,제주특별자치도 서귀포시 안덕면 상창리,647428555.0,3,38500,20220426,50130,31024
354,키즈,뽀로로앤타요 테마파크,제주 서귀포시 안덕면 병악로 269,제주특별자치도 서귀포시 안덕면 상창리,647428555.0,2,0,20220427,50130,31024
355,키즈,뽀로로앤타요 테마파크,제주 서귀포시 안덕면 병악로 269,제주특별자치도 서귀포시 안덕면 상창리,647428555.0,3,0,20220427,50130,31024
356,키즈,뽀로로앤타요 테마파크,제주 서귀포시 안덕면 병악로 269,제주특별자치도 서귀포시 안덕면 상창리,647428555.0,1,17500,20220427,50130,31024
357,키즈,뽀로로앤타요 테마파크,제주 서귀포시 안덕면 병악로 269,제주특별자치도 서귀포시 안덕면 상창리,647428555.0,2,39800,20220427,50130,31024
358,키즈,뽀로로앤타요 테마파크,제주 서귀포시 안덕면 병악로 269,제주특별자치도 서귀포시 안덕면 상창리,647428555.0,3,38500,20220427,50130,31024
359,키즈,뽀로로앤타요 테마파크,제주 서귀포시 안덕면 병악로 269,제주특별자치도 서귀포시 안덕면 상창리,647428555.0,3,38500,20220427,50130,31024
360,키즈,돈키쥬쥬,제주 제주시 은수길 65,제주특별자치도 제주시 연동,647555920.0,2,12000,20220427,50110,13700
361,키즈,뽀로로앤타요 테마파크,제주 서귀포시 안덕면 병악로 269,제주특별자치도 서귀포시 안덕면 상창리,647428555.0,1,9975,20220427,50130,31024
362,키즈,뽀로로앤타요 테마파크,제주 서귀포시 안덕면 병악로 269,제주특별자치도 서귀포시 안덕면 상창리,647428555.0,3,38500,20220427,50130,31024
363,키즈,뽀로로앤타요 테마파크,제주 서귀포시 안덕면 병악로 269,제주특별자치도 서귀포시 안덕면 상창리,647428555.0,4,56000,20220427,50130,31024
364,키즈,뽀로로앤타요 테마파크,제주 서귀포시 안덕면 병악로 269,제주특별자치도 서귀포시 안덕면 상창리,647428555.0,4,56000,20220427,50130,31024
365,키즈,뽀로로앤타요 테마파크,제주 서귀포시 안덕면 병악로 269,제주특별자치도 서귀포시 안덕면 상창리,647428555.0,2,21000,20220427,50130,31024
366,키즈,뽀로로앤타요 테마파크,제주 서귀포시 안덕면 병악로 269,제주특별자치도 서귀포시 안덕면 상창리,647428555.0,1,17500,20220427,50130,31024
367,키즈,액트몬(신화월드점),제주 서귀포시 안덕면 신화역사로304번길 38,제주특별자치도 서귀포시 안덕면 서광리,7077861025.0,4,57600,20220427,50130,31027
368,키즈,뽀로로앤타요 테마파크,제주 서귀포시 안덕면 병악로 269,제주특별자치도 서귀포시 안덕면 상창리,647428555.0,2,0,20220428,50130,31024
369,키즈,뽀로로앤타요 테마파크,제주 서귀포시 안덕면 병악로 269,제주특별자치도 서귀포시 안덕면 상창리,647428555.0,1,10500,20220428,50130,31024
370,키즈,뽀로로앤타요 테마파크,제주 서귀포시 안덕면 병악로 269,제주특별자치도 서귀포시 안덕면 상창리,647428555.0,1,10500,20220428,50130,31024
371,키즈,뽀로로앤타요 테마파크,제주 서귀포시 안덕면 병악로 269,제주특별자치도 서귀포시 안덕면 상창리,647428555.0,1,17500,20220428,50130,31024
372,키즈,뽀로로앤타요 테마파크,제주 서귀포시 안덕면 병악로 269,제주특별자치도 서귀포시 안덕면 상창리,647428555.0,3,38500,20220428,50130,31024
373,키즈,시크릿테마파크,제주특별자치도 제주시 애월읍 평화로 2157,제주특별자치도 제주시 애월읍 소길리,1046244000.0,2,32400,20220428,50110,25328
374,키즈,뽀로로앤타요 테마파크,제주 서귀포시 안덕면 병악로 269,제주특별자치도 서귀포시 안덕면 상창리,647428555.0,3,38500,20220428,50130,31024
375,키즈,뽀로로앤타요 테마파크,제주 서귀포시 안덕면 병악로 269,제주특별자치도 서귀포시 안덕면 상창리,647428555.0,3,38500,20220428,50130,31024
376,키즈,뽀로로앤타요 테마파크,제주 서귀포시 안덕면 병악로 269,제주특별자치도 서귀포시 안덕면 상창리,647428555.0,3,38500,20220428,50130,31024
377,키즈,뽀로로앤타요 테마파크,제주 서귀포시 안덕면 병악로 269,제주특별자치도 서귀포시 안덕면 상창리,647428555.0,3,38500,20220428,50130,31024
378,키즈,뽀로로앤타요 테마파크,제주 서귀포시 안덕면 병악로 269,제주특별자치도 서귀포시 안덕면 상창리,647428555.0,2,28000,20220428,50130,31024
379,키즈,뽀로로앤타요 테마파크,제주 서귀포시 안덕면 병악로 269,제주특별자치도 서귀포시 안덕면 상창리,647428555.0,5,52500,20220428,50130,31024
380,키즈,뽀로로앤타요 테마파크,제주 서귀포시 안덕면 병악로 269,제주특별자치도 서귀포시 안덕면 상창리,647428555.0,1,17500,20220428,50130,31024
381,키즈,뽀로로앤타요 테마파크,제주 서귀포시 안덕면 병악로 269,제주특별자치도 서귀포시 안덕면 상창리,647428555.0,3,36575,20220429,50130,31024
382,키즈,코코몽에코파크,제주 서귀포시 남원읍 태위로 536 제주코코몽에코파크,제주특별자치도 서귀포시 남원읍 남원리,16614284.0,3,41500,20220429,50130,25321
383,키즈,뽀로로앤타요 테마파크,제주 서귀포시 안덕면 병악로 269,제주특별자치도 서귀포시 안덕면 상창리,647428555.0,3,38500,20220429,50130,31024
384,키즈,뽀로로앤타요 테마파크,제주 서귀포시 안덕면 병악로 269,제주특별자치도 서귀포시 안덕면 상창리,647428555.0,1,17500,20220429,50130,31024
385,키즈,뽀로로앤타요 테마파크,제주 서귀포시 안덕면 병악로 269,제주특별자치도 서귀포시 안덕면 상창리,647428555.0,2,83400,20220429,50130,31024
386,키즈,뽀로로앤타요 테마파크,제주 서귀포시 안덕면 병악로 269,제주특별자치도 서귀포시 안덕면 상창리,647428555.0,3,36575,20220429,50130,31024
387,키즈,코코몽에코파크,제주 서귀포시 남원읍 태위로 536 제주코코몽에코파크,제주특별자치도 서귀포시 남원읍 남원리,16614284.0,3,0,20220429,50130,25321
388,키즈,뽀로로앤타요 테마파크,제주 서귀포시 안덕면 병악로 269,제주특별자치도 서귀포시 안덕면 상창리,647428555.0,3,38500,20220429,50130,31024
389,키즈,뽀로로앤타요 테마파크,제주 서귀포시 안덕면 병악로 269,제주특별자치도 서귀포시 안덕면 상창리,647428555.0,4,56000,20220429,50130,31024
390,키즈,뽀로로앤타요 테마파크,제주 서귀포시 안덕면 병악로 269,제주특별자치도 서귀포시 안덕면 상창리,647428555.0,3,38500,20220429,50130,31024
391,키즈,뽀로로앤타요 테마파크,제주 서귀포시 안덕면 병악로 269,제주특별자치도 서귀포시 안덕면 상창리,647428555.0,3,38500,20220429,50130,31024
392,키즈,뽀로로앤타요 테마파크,제주 서귀포시 안덕면 병악로 269,제주특별자치도 서귀포시 안덕면 상창리,647428555.0,1,17500,20220429,50130,31024
393,키즈,뽀로로앤타요 테마파크,제주 서귀포시 안덕면 병악로 269,제주특별자치도 서귀포시 안덕면 상창리,647428555.0,4,46550,20220430,50130,31024
394,키즈,뽀로로앤타요 테마파크,제주 서귀포시 안덕면 병악로 269,제주특별자치도 서귀포시 안덕면 상창리,647428555.0,3,38500,20220430,50130,31024
395,키즈,뽀로로앤타요 테마파크,제주 서귀포시 안덕면 병악로 269,제주특별자치도 서귀포시 안덕면 상창리,647428555.0,3,36575,20220430,50130,31024
396,키즈,뽀로로앤타요 테마파크,제주 서귀포시 안덕면 병악로 269,제주특별자치도 서귀포시 안덕면 상창리,647428555.0,2,28000,20220430,50130,31024
397,키즈,뽀로로앤타요 테마파크,제주 서귀포시 안덕면 병악로 269,제주특별자치도 서귀포시 안덕면 상창리,647428555.0,3,38500,20220430,50130,31024
398,키즈,뽀로로앤타요 테마파크,제주 서귀포시 안덕면 병악로 269,제주특별자치도 서귀포시 안덕면 상창리,647428555.0,5,66500,20220430,50130,31024
399,키즈,뽀로로앤타요 테마파크,제주 서귀포시 안덕면 병악로 269,제주특별자치도 서귀포시 안덕면 상창리,647428555.0,4,42000,20220501,50130,31024
400,키즈,뽀로로앤타요 테마파크,제주 서귀포시 안덕면 병악로 269,제주특별자치도 서귀포시 안덕면 상창리,647428555.0,3,38500,20220501,50130,31024
401,키즈,뽀로로앤타요 테마파크,제주 서귀포시 안덕면 병악로 269,제주특별자치도 서귀포시 안덕면 상창리,647428555.0,1,17500,20220501,50130,31024
402,키즈,뽀로로앤타요 테마파크,제주 서귀포시 안덕면 병악로 269,제주특별자치도 서귀포시 안덕면 상창리,647428555.0,4,56000,20220501,50130,31024
403,키즈,뽀로로앤타요 테마파크,제주 서귀포시 안덕면 병악로 269,제주특별자치도 서귀포시 안덕면 상창리,647428555.0,3,38500,20220501,50130,31024
404,키즈,뽀로로앤타요 테마파크,제주 서귀포시 안덕면 병악로 269,제주특별자치도 서귀포시 안덕면 상창리,647428555.0,1,10500,20220501,50130,31024
405,키즈,뽀로로앤타요 테마파크,제주 서귀포시 안덕면 병악로 269,제주특별자치도 서귀포시 안덕면 상창리,647428555.0,3,38500,20220501,50130,31024
406,키즈,뽀로로앤타요 테마파크,제주 서귀포시 안덕면 병악로 269,제주특별자치도 서귀포시 안덕면 상창리,647428555.0,3,38500,20220501,50130,31024
407,키즈,뽀로로앤타요 테마파크,제주 서귀포시 안덕면 병악로 269,제주특별자치도 서귀포시 안덕면 상창리,647428555.0,3,38500,20220501,50130,31024
408,키즈,뽀로로앤타요 테마파크,제주 서귀포시 안덕면 병악로 269,제주특별자치도 서귀포시 안덕면 상창리,647428555.0,3,38500,20220501,50130,31024
409,키즈,뽀로로앤타요 테마파크,제주 서귀포시 안덕면 병악로 269,제주특별자치도 서귀포시 안덕면 상창리,647428555.0,3,38500,20220502,50130,31024
410,키즈,뽀로로앤타요 테마파크,제주 서귀포시 안덕면 병악로 269,제주특별자치도 서귀포시 안덕면 상창리,647428555.0,5,87500,20220502,50130,31024
411,키즈,뽀로로앤타요 테마파크,제주 서귀포시 안덕면 병악로 269,제주특별자치도 서귀포시 안덕면 상창리,647428555.0,2,83400,20220502,50130,31024
412,키즈,뽀로로앤타요 테마파크,제주 서귀포시 안덕면 병악로 269,제주특별자치도 서귀포시 안덕면 상창리,647428555.0,2,39800,20220502,50130,31024
413,키즈,뽀로로앤타요 테마파크,제주 서귀포시 안덕면 병악로 269,제주특별자치도 서귀포시 안덕면 상창리,647428555.0,3,38500,20220502,50130,31024
414,키즈,뽀로로앤타요 테마파크,제주 서귀포시 안덕면 병악로 269,제주특별자치도 서귀포시 안덕면 상창리,647428555.0,2,28000,20220502,50130,31024
415,키즈,코코몽에코파크,제주 서귀포시 남원읍 태위로 536 제주코코몽에코파크,제주특별자치도 서귀포시 남원읍 남원리,16614284.0,4,59000,20220502,50130,25321
416,키즈,뽀로로앤타요 테마파크,제주 서귀포시 안덕면 병악로 269,제주특별자치도 서귀포시 안덕면 상창리,647428555.0,1,17500,20220502,50130,31024
417,키즈,뽀로로앤타요 테마파크,제주 서귀포시 안덕면 병악로 269,제주특별자치도 서귀포시 안덕면 상창리,647428555.0,3,131800,20220502,50130,31024
418,키즈,뽀로로앤타요 테마파크,제주 서귀포시 안덕면 병악로 269,제주특별자치도 서귀포시 안덕면 상창리,647428555.0,3,38500,20220503,50130,31024
419,키즈,뽀로로앤타요 테마파크,제주 서귀포시 안덕면 병악로 269,제주특별자치도 서귀포시 안덕면 상창리,647428555.0,6,77000,20220503,50130,31024
420,키즈,뽀로로앤타요 테마파크,제주 서귀포시 안덕면 병악로 269,제주특별자치도 서귀포시 안덕면 상창리,647428555.0,2,34200,20220503,50130,31024
421,키즈,뽀로로앤타요 테마파크,제주 서귀포시 안덕면 병악로 269,제주특별자치도 서귀포시 안덕면 상창리,647428555.0,1,17500,20220503,50130,31024
422,키즈,뽀로로앤타요 테마파크,제주 서귀포시 안덕면 병악로 269,제주특별자치도 서귀포시 안덕면 상창리,647428555.0,3,38500,20220503,50130,31024
423,키즈,뽀로로앤타요 테마파크,제주 서귀포시 안덕면 병악로 269,제주특별자치도 서귀포시 안덕면 상창리,647428555.0,3,38500,20220503,50130,31024
424,키즈,뽀로로앤타요 테마파크,제주 서귀포시 안덕면 병악로 269,제주특별자치도 서귀포시 안덕면 상창리,647428555.0,1,17500,20220503,50130,31024
425,키즈,뽀로로앤타요 테마파크,제주 서귀포시 안덕면 병악로 269,제주특별자치도 서귀포시 안덕면 상창리,647428555.0,4,56000,20220503,50130,31024
426,키즈,돈키쥬쥬,제주 제주시 은수길 65,제주특별자치도 제주시 연동,647555920.0,3,18000,20220503,50110,13700
427,키즈,코코몽에코파크,제주 서귀포시 남원읍 태위로 536 제주코코몽에코파크,제주특별자치도 서귀포시 남원읍 남원리,16614284.0,4,0,20220504,50130,25321
428,키즈,뽀로로앤타요 테마파크,제주 서귀포시 안덕면 병악로 269,제주특별자치도 서귀포시 안덕면 상창리,647428555.0,3,38500,20220504,50130,31024
429,키즈,뽀로로앤타요 테마파크,제주 서귀포시 안덕면 병악로 269,제주특별자치도 서귀포시 안덕면 상창리,647428555.0,4,56000,20220504,50130,31024
430,키즈,뽀로로앤타요 테마파크,제주 서귀포시 안덕면 병악로 269,제주특별자치도 서귀포시 안덕면 상창리,647428555.0,3,38500,20220504,50130,31024
431,키즈,뽀로로앤타요 테마파크,제주 서귀포시 안덕면 병악로 269,제주특별자치도 서귀포시 안덕면 상창리,647428555.0,4,56000,20220504,50130,31024
432,키즈,코코몽에코파크,제주 서귀포시 남원읍 태위로 536 제주코코몽에코파크,제주특별자치도 서귀포시 남원읍 남원리,16614284.0,4,179800,20220504,50130,25321
433,키즈,뽀로로앤타요 테마파크,제주 서귀포시 안덕면 병악로 269,제주특별자치도 서귀포시 안덕면 상창리,647428555.0,3,38500,20220504,50130,31024
434,키즈,액트몬(신화월드점),제주 서귀포시 안덕면 신화역사로304번길 38,제주특별자치도 서귀포시 안덕면 서광리,7077861025.0,2,37800,20220504,50130,31027
435,키즈,뽀로로앤타요 테마파크,제주 서귀포시 안덕면 병악로 269,제주특별자치도 서귀포시 안덕면 상창리,647428555.0,3,35810,20220504,50130,31024
436,키즈,뽀로로앤타요 테마파크,제주 서귀포시 안덕면 병악로 269,제주특별자치도 서귀포시 안덕면 상창리,647428555.0,3,36575,20220505,50130,31024
437,키즈,뽀로로앤타요 테마파크,제주 서귀포시 안덕면 병악로 269,제주특별자치도 서귀포시 안덕면 상창리,647428555.0,6,77000,20220505,50130,31024
438,키즈,뽀로로앤타요 테마파크,제주 서귀포시 안덕면 병악로 269,제주특별자치도 서귀포시 안덕면 상창리,647428555.0,3,38500,20220505,50130,31024
439,키즈,뽀로로앤타요 테마파크,제주 서귀포시 안덕면 병악로 269,제주특별자치도 서귀포시 안덕면 상창리,647428555.0,3,36575,20220505,50130,31024
440,키즈,뽀로로앤타요 테마파크,제주 서귀포시 안덕면 병악로 269,제주특별자치도 서귀포시 안덕면 상창리,647428555.0,3,38500,20220505,50130,31024
441,키즈,뽀로로앤타요 테마파크,제주 서귀포시 안덕면 병악로 269,제주특별자치도 서귀포시 안덕면 상창리,647428555.0,4,49000,20220505,50130,31024
442,키즈,뽀로로앤타요 테마파크,제주 서귀포시 안덕면 병악로 269,제주특별자치도 서귀포시 안덕면 상창리,647428555.0,4,56000,20220505,50130,31024
443,키즈,뽀로로앤타요 테마파크,제주 서귀포시 안덕면 병악로 269,제주특별자치도 서귀포시 안덕면 상창리,647428555.0,3,0,20220506,50130,31024
444,키즈,뽀로로앤타요 테마파크,제주 서귀포시 안덕면 병악로 269,제주특별자치도 서귀포시 안덕면 상창리,647428555.0,3,38500,20220506,50130,31024
445,키즈,뽀로로앤타요 테마파크,제주 서귀포시 안덕면 병악로 269,제주특별자치도 서귀포시 안덕면 상창리,647428555.0,3,38500,20220506,50130,31024
446,키즈,뽀로로앤타요 테마파크,제주 서귀포시 안덕면 병악로 269,제주특별자치도 서귀포시 안덕면 상창리,647428555.0,4,56000,20220506,50130,31024
447,키즈,코코몽에코파크,제주 서귀포시 남원읍 태위로 536 제주코코몽에코파크,제주특별자치도 서귀포시 남원읍 남원리,16614284.0,1,17500,20220506,50130,25321
448,키즈,코코몽에코파크,제주 서귀포시 남원읍 태위로 536 제주코코몽에코파크,제주특별자치도 서귀포시 남원읍 남원리,16614284.0,2,24000,20220506,50130,25321
449,키즈,뽀로로앤타요 테마파크,제주 서귀포시 안덕면 병악로 269,제주특별자치도 서귀포시 안덕면 상창리,647428555.0,3,38500,20220506,50130,31024
450,키즈,뽀로로앤타요 테마파크,제주 서귀포시 안덕면 병악로 269,제주특별자치도 서귀포시 안덕면 상창리,647428555.0,4,56000,20220507,50130,31024
451,키즈,뽀로로앤타요 테마파크,제주 서귀포시 안덕면 병악로 269,제주특별자치도 서귀포시 안덕면 상창리,647428555.0,1,41700,20220507,50130,31024
452,키즈,뽀로로앤타요 테마파크,제주 서귀포시 안덕면 병악로 269,제주특별자치도 서귀포시 안덕면 상창리,647428555.0,1,41700,20220507,50130,31024
453,키즈,뽀로로앤타요 테마파크,제주 서귀포시 안덕면 병악로 269,제주특별자치도 서귀포시 안덕면 상창리,647428555.0,1,41700,20220507,50130,31024
454,키즈,뽀로로앤타요 테마파크,제주 서귀포시 안덕면 병악로 269,제주특별자치도 서귀포시 안덕면 상창리,647428555.0,1,41700,20220507,50130,31024
455,키즈,뽀로로앤타요 테마파크,제주 서귀포시 안덕면 병악로 269,제주특별자치도 서귀포시 안덕면 상창리,647428555.0,3,38500,20220507,50130,31024
456,키즈,뽀로로앤타요 테마파크,제주 서귀포시 안덕면 병악로 269,제주특별자치도 서귀포시 안덕면 상창리,647428555.0,5,59500,20220507,50130,31024
457,키즈,뽀로로앤타요 테마파크,제주 서귀포시 안덕면 병악로 269,제주특별자치도 서귀포시 안덕면 상창리,647428555.0,2,21000,20220507,50130,31024
458,키즈,뽀로로앤타요 테마파크,제주 서귀포시 안덕면 병악로 269,제주특별자치도 서귀포시 안덕면 상창리,647428555.0,4,56000,20220507,50130,31024
459,키즈,돈키쥬쥬,제주 제주시 은수길 65,제주특별자치도 제주시 연동,647555920.0,3,18000,20220507,50110,13700
460,키즈,뽀로로앤타요 테마파크,제주 서귀포시 안덕면 병악로 269,제주특별자치도 서귀포시 안덕면 상창리,647428555.0,3,38500,20220508,50130,31024
461,키즈,뽀로로앤타요 테마파크,제주 서귀포시 안덕면 병악로 269,제주특별자치도 서귀포시 안덕면 상창리,647428555.0,3,36575,20220508,50130,31024
462,키즈,뽀로로앤타요 테마파크,제주 서귀포시 안덕면 병악로 269,제주특별자치도 서귀포시 안덕면 상창리,647428555.0,5,66500,20220508,50130,31024
463,키즈,뽀로로앤타요 테마파크,제주 서귀포시 안덕면 병악로 269,제주특별자치도 서귀포시 안덕면 상창리,647428555.0,3,38500,20220508,50130,31024
464,키즈,뽀로로앤타요 테마파크,제주 서귀포시 안덕면 병악로 269,제주특별자치도 서귀포시 안덕면 상창리,647428555.0,3,38500,20220508,50130,31024
465,키즈,뽀로로앤타요 테마파크,제주 서귀포시 안덕면 병악로 269,제주특별자치도 서귀포시 안덕면 상창리,647428555.0,2,21000,20220508,50130,31024
466,키즈,뽀로로앤타요 테마파크,제주 서귀포시 안덕면 병악로 269,제주특별자치도 서귀포시 안덕면 상창리,647428555.0,3,38500,20220508,50130,31024
467,키즈,뽀로로앤타요 테마파크,제주 서귀포시 안덕면 병악로 269,제주특별자치도 서귀포시 안덕면 상창리,647428555.0,2,28000,20220508,50130,31024
468,키즈,뽀로로앤타요 테마파크,제주 서귀포시 안덕면 병악로 269,제주특별자치도 서귀포시 안덕면 상창리,647428555.0,3,38500,20220508,50130,31024
469,키즈,뽀로로앤타요 테마파크,제주 서귀포시 안덕면 병악로 269,제주특별자치도 서귀포시 안덕면 상창리,647428555.0,3,38500,20220508,50130,31024
470,키즈,뽀로로앤타요 테마파크,제주 서귀포시 안덕면 병악로 269,제주특별자치도 서귀포시 안덕면 상창리,647428555.0,4,0,20220509,50130,31024
471,키즈,뽀로로앤타요 테마파크,제주 서귀포시 안덕면 병악로 269,제주특별자치도 서귀포시 안덕면 상창리,647428555.0,4,56000,20220509,50130,31024
472,키즈,뽀로로앤타요 테마파크,제주 서귀포시 안덕면 병악로 269,제주특별자치도 서귀포시 안덕면 상창리,647428555.0,3,38500,20220509,50130,31024
473,키즈,뽀로로앤타요 테마파크,제주 서귀포시 안덕면 병악로 269,제주특별자치도 서귀포시 안덕면 상창리,647428555.0,3,38500,20220509,50130,31024
474,키즈,뽀로로앤타요 테마파크,제주 서귀포시 안덕면 병악로 269,제주특별자치도 서귀포시 안덕면 상창리,647428555.0,2,26600,20220509,50130,31024
475,키즈,뽀로로앤타요 테마파크,제주 서귀포시 안덕면 병악로 269,제주특별자치도 서귀포시 안덕면 상창리,647428555.0,3,38500,20220509,50130,31024
476,키즈,뽀로로앤타요 테마파크,제주 서귀포시 안덕면 병악로 269,제주특별자치도 서귀포시 안덕면 상창리,647428555.0,3,0,20220510,50130,31024
477,키즈,뽀로로앤타요 테마파크,제주 서귀포시 안덕면 병악로 269,제주특별자치도 서귀포시 안덕면 상창리,647428555.0,3,38500,20220510,50130,31024
478,키즈,뽀로로앤타요 테마파크,제주 서귀포시 안덕면 병악로 269,제주특별자치도 서귀포시 안덕면 상창리,647428555.0,5,63175,20220510,50130,31024
479,키즈,뽀로로앤타요 테마파크,제주 서귀포시 안덕면 병악로 269,제주특별자치도 서귀포시 안덕면 상창리,647428555.0,1,17500,20220510,50130,31024
480,키즈,돈키쥬쥬,제주 제주시 은수길 65,제주특별자치도 제주시 연동,647555920.0,1,6000,20220510,50110,13700
481,키즈,돈키쥬쥬,제주 제주시 은수길 65,제주특별자치도 제주시 연동,647555920.0,1,6000,20220510,50110,13700
482,키즈,돈키쥬쥬,제주 제주시 은수길 65,제주특별자치도 제주시 연동,647555920.0,1,6000,20220510,50110,13700
483,키즈,뽀로로앤타요 테마파크,제주 서귀포시 안덕면 병악로 269,제주특별자치도 서귀포시 안덕면 상창리,647428555.0,3,38500,20220510,50130,31024
484,키즈,뽀로로앤타요 테마파크,제주 서귀포시 안덕면 병악로 269,제주특별자치도 서귀포시 안덕면 상창리,647428555.0,5,59500,20220510,50130,31024
485,키즈,뽀로로앤타요 테마파크,제주 서귀포시 안덕면 병악로 269,제주특별자치도 서귀포시 안덕면 상창리,647428555.0,3,36575,20220510,50130,31024
486,키즈,뽀로로앤타요 테마파크,제주 서귀포시 안덕면 병악로 269,제주특별자치도 서귀포시 안덕면 상창리,647428555.0,1,17500,20220510,50130,31024
487,키즈,뽀로로앤타요 테마파크,제주 서귀포시 안덕면 병악로 269,제주특별자치도 서귀포시 안덕면 상창리,647428555.0,1,10500,20220510,50130,31024
488,키즈,뽀로로앤타요 테마파크,제주 서귀포시 안덕면 병악로 269,제주특별자치도 서귀포시 안덕면 상창리,647428555.0,2,83400,20220510,50130,31024
489,키즈,뽀로로앤타요 테마파크,제주 서귀포시 안덕면 병악로 269,제주특별자치도 서귀포시 안덕면 상창리,647428555.0,3,38500,20220510,50130,31024
490,키즈,뽀로로앤타요 테마파크,제주 서귀포시 안덕면 병악로 269,제주특별자치도 서귀포시 안덕면 상창리,647428555.0,3,38500,20220510,50130,31024
491,키즈,뽀로로앤타요 테마파크,제주 서귀포시 안덕면 병악로 269,제주특별자치도 서귀포시 안덕면 상창리,647428555.0,2,0,20220510,50130,31024
492,키즈,뽀로로앤타요 테마파크,제주 서귀포시 안덕면 병악로 269,제주특별자치도 서귀포시 안덕면 상창리,647428555.0,6,77000,20220511,50130,31024
493,키즈,뽀로로앤타요 테마파크,제주 서귀포시 안덕면 병악로 269,제주특별자치도 서귀포시 안덕면 상창리,647428555.0,3,38500,20220511,50130,31024
494,키즈,뽀로로앤타요 테마파크,제주 서귀포시 안덕면 병악로 269,제주특별자치도 서귀포시 안덕면 상창리,647428555.0,3,38500,20220511,50130,31024
495,키즈,뽀로로앤타요 테마파크,제주 서귀포시 안덕면 병악로 269,제주특별자치도 서귀포시 안덕면 상창리,647428555.0,4,49000,20220511,50130,31024
496,키즈,뽀로로앤타요 테마파크,제주 서귀포시 안덕면 병악로 269,제주특별자치도 서귀포시 안덕면 상창리,647428555.0,4,56000,20220511,50130,31024
497,키즈,뽀로로앤타요 테마파크,제주 서귀포시 안덕면 병악로 269,제주특별자치도 서귀포시 안덕면 상창리,647428555.0,3,38500,20220511,50130,31024
498,키즈,뽀로로앤타요 테마파크,제주 서귀포시 안덕면 병악로 269,제주특별자치도 서귀포시 안덕면 상창리,647428555.0,1,10500,20220512,50130,31024
499,키즈,뽀로로앤타요 테마파크,제주 서귀포시 안덕면 병악로 269,제주특별자치도 서귀포시 안덕면 상창리,647428555.0,4,53200,20220512,50130,31024
500,키즈,뽀로로앤타요 테마파크,제주 서귀포시 안덕면 병악로 269,제주특별자치도 서귀포시 안덕면 상창리,647428555.0,1,17500,20220512,50130,31024
501,키즈,뽀로로앤타요 테마파크,제주 서귀포시 안덕면 병악로 269,제주특별자치도 서귀포시 안덕면 상창리,647428555.0,2,90100,20220512,50130,31024
502,키즈,뽀로로앤타요 테마파크,제주 서귀포시 안덕면 병악로 269,제주특별자치도 서귀포시 안덕면 상창리,647428555.0,2,90100,20220512,50130,31024
503,키즈,뽀로로앤타요 테마파크,제주 서귀포시 안덕면 병악로 269,제주특별자치도 서귀포시 안덕면 상창리,647428555.0,1,17500,20220512,50130,31024
504,키즈,뽀로로앤타요 테마파크,제주 서귀포시 안덕면 병악로 269,제주특별자치도 서귀포시 안덕면 상창리,647428555.0,3,38500,20220512,50130,31024
505,키즈,뽀로로앤타요 테마파크,제주 서귀포시 안덕면 병악로 269,제주특별자치도 서귀포시 안덕면 상창리,647428555.0,3,36575,20220512,50130,31024
506,키즈,뽀로로앤타요 테마파크,제주 서귀포시 안덕면 병악로 269,제주특별자치도 서귀포시 안덕면 상창리,647428555.0,4,56000,20220512,50130,31024
507,키즈,뽀로로앤타요 테마파크,제주 서귀포시 안덕면 병악로 269,제주특별자치도 서귀포시 안덕면 상창리,647428555.0,3,0,20220513,50130,31024
508,키즈,뽀로로앤타요 테마파크,제주 서귀포시 안덕면 병악로 269,제주특별자치도 서귀포시 안덕면 상창리,647428555.0,6,77000,20220513,50130,31024
509,키즈,뽀로로앤타요 테마파크,제주 서귀포시 안덕면 병악로 269,제주특별자치도 서귀포시 안덕면 상창리,647428555.0,3,38500,20220513,50130,31024
510,키즈,뽀로로앤타요 테마파크,제주 서귀포시 안덕면 병악로 269,제주특별자치도 서귀포시 안덕면 상창리,647428555.0,3,38500,20220513,50130,31024
511,키즈,뽀로로앤타요 테마파크,제주 서귀포시 안덕면 병악로 269,제주특별자치도 서귀포시 안덕면 상창리,647428555.0,3,38500,20220513,50130,31024
512,키즈,뽀로로앤타요 테마파크,제주 서귀포시 안덕면 병악로 269,제주특별자치도 서귀포시 안덕면 상창리,647428555.0,2,21000,20220513,50130,31024
513,키즈,뽀로로앤타요 테마파크,제주 서귀포시 안덕면 병악로 269,제주특별자치도 서귀포시 안덕면 상창리,647428555.0,1,17500,20220513,50130,31024
514,키즈,뽀로로앤타요 테마파크,제주 서귀포시 안덕면 병악로 269,제주특별자치도 서귀포시 안덕면 상창리,647428555.0,1,17500,20220513,50130,31024
515,키즈,뽀로로앤타요 테마파크,제주 서귀포시 안덕면 병악로 269,제주특별자치도 서귀포시 안덕면 상창리,647428555.0,5,59500,20220513,50130,31024
516,키즈,돈키쥬쥬,제주 제주시 은수길 65,제주특별자치도 제주시 연동,647555920.0,4,24000,20220513,50110,13700
517,키즈,뽀로로앤타요 테마파크,제주 서귀포시 안덕면 병악로 269,제주특별자치도 서귀포시 안덕면 상창리,647428555.0,2,0,20220514,50130,31024
518,키즈,뽀로로앤타요 테마파크,제주 서귀포시 안덕면 병악로 269,제주특별자치도 서귀포시 안덕면 상창리,647428555.0,4,56000,20220514,50130,31024
519,키즈,돈키쥬쥬,제주 제주시 은수길 65,제주특별자치도 제주시 연동,647555920.0,2,12000,20220514,50110,13700
520,키즈,뽀로로앤타요 테마파크,제주 서귀포시 안덕면 병악로 269,제주특별자치도 서귀포시 안덕면 상창리,647428555.0,4,56000,20220514,50130,31024
521,키즈,뽀로로앤타요 테마파크,제주 서귀포시 안덕면 병악로 269,제주특별자치도 서귀포시 안덕면 상창리,647428555.0,2,21000,20220515,50130,31024
522,키즈,뽀로로앤타요 테마파크,제주 서귀포시 안덕면 병악로 269,제주특별자치도 서귀포시 안덕면 상창리,647428555.0,1,10500,20220515,50130,31024
523,키즈,뽀로로앤타요 테마파크,제주 서귀포시 안덕면 병악로 269,제주특별자치도 서귀포시 안덕면 상창리,647428555.0,2,21000,20220515,50130,31024
524,키즈,뽀로로앤타요 테마파크,제주 서귀포시 안덕면 병악로 269,제주특별자치도 서귀포시 안덕면 상창리,647428555.0,4,56000,20220515,50130,31024
525,키즈,뽀로로앤타요 테마파크,제주 서귀포시 안덕면 병악로 269,제주특별자치도 서귀포시 안덕면 상창리,647428555.0,2,0,20220515,50130,31024
526,키즈,뽀로로앤타요 테마파크,제주 서귀포시 안덕면 병악로 269,제주특별자치도 서귀포시 안덕면 상창리,647428555.0,3,38500,20220515,50130,31024
527,키즈,뽀로로앤타요 테마파크,제주 서귀포시 안덕면 병악로 269,제주특별자치도 서귀포시 안덕면 상창리,647428555.0,3,38500,20220515,50130,31024
528,키즈,뽀로로앤타요 테마파크,제주 서귀포시 안덕면 병악로 269,제주특별자치도 서귀포시 안덕면 상창리,647428555.0,3,38500,20220515,50130,31024
529,키즈,뽀로로앤타요 테마파크,제주 서귀포시 안덕면 병악로 269,제주특별자치도 서귀포시 안덕면 상창리,647428555.0,1,17500,20220515,50130,31024
530,키즈,돈키쥬쥬,제주 제주시 은수길 65,제주특별자치도 제주시 연동,647555920.0,6,36000,20220515,50110,13700
531,키즈,뽀로로앤타요 테마파크,제주 서귀포시 안덕면 병악로 269,제주특별자치도 서귀포시 안덕면 상창리,647428555.0,1,0,20220516,50130,31024
532,키즈,코코몽에코파크,제주 서귀포시 남원읍 태위로 536 제주코코몽에코파크,제주특별자치도 서귀포시 남원읍 남원리,16614284.0,3,135400,20220516,50130,25321
533,키즈,뽀로로앤타요 테마파크,제주 서귀포시 안덕면 병악로 269,제주특별자치도 서귀포시 안덕면 상창리,647428555.0,3,36575,20220516,50130,31024
534,키즈,뽀로로앤타요 테마파크,제주 서귀포시 안덕면 병악로 269,제주특별자치도 서귀포시 안덕면 상창리,647428555.0,4,49000,20220516,50130,31024
535,키즈,뽀로로앤타요 테마파크,제주 서귀포시 안덕면 병악로 269,제주특별자치도 서귀포시 안덕면 상창리,647428555.0,3,38500,20220516,50130,31024
536,키즈,코코몽에코파크,제주 서귀포시 남원읍 태위로 536 제주코코몽에코파크,제주특별자치도 서귀포시 남원읍 남원리,16614284.0,5,65500,20220516,50130,25321
537,키즈,뽀로로앤타요 테마파크,제주 서귀포시 안덕면 병악로 269,제주특별자치도 서귀포시 안덕면 상창리,647428555.0,4,56000,20220516,50130,31024
538,키즈,뽀로로앤타요 테마파크,제주 서귀포시 안덕면 병악로 269,제주특별자치도 서귀포시 안덕면 상창리,647428555.0,3,36575,20220516,50130,31024
539,키즈,뽀로로앤타요 테마파크,제주 서귀포시 안덕면 병악로 269,제주특별자치도 서귀포시 안덕면 상창리,647428555.0,2,21000,20220516,50130,31024
540,키즈,뽀로로앤타요 테마파크,제주 서귀포시 안덕면 병악로 269,제주특별자치도 서귀포시 안덕면 상창리,647428555.0,3,79900,20220516,50130,31024
541,키즈,뽀로로앤타요 테마파크,제주 서귀포시 안덕면 병악로 269,제주특별자치도 서귀포시 안덕면 상창리,647428555.0,1,17500,20220516,50130,31024
542,키즈,뽀로로앤타요 테마파크,제주 서귀포시 안덕면 병악로 269,제주특별자치도 서귀포시 안덕면 상창리,647428555.0,3,38500,20220516,50130,31024
543,키즈,뽀로로앤타요 테마파크,제주 서귀포시 안덕면 병악로 269,제주특별자치도 서귀포시 안덕면 상창리,647428555.0,2,28000,20220516,50130,31024
544,키즈,뽀로로앤타요 테마파크,제주 서귀포시 안덕면 병악로 269,제주특별자치도 서귀포시 안덕면 상창리,647428555.0,6,77000,20220516,50130,31024
545,키즈,뽀로로앤타요 테마파크,제주 서귀포시 안덕면 병악로 269,제주특별자치도 서귀포시 안덕면 상창리,647428555.0,1,10500,20220517,50130,31024
546,키즈,뽀로로앤타요 테마파크,제주 서귀포시 안덕면 병악로 269,제주특별자치도 서귀포시 안덕면 상창리,647428555.0,2,21000,20220517,50130,31024
547,키즈,뽀로로앤타요 테마파크,제주 서귀포시 안덕면 병악로 269,제주특별자치도 서귀포시 안덕면 상창리,647428555.0,3,38500,20220517,50130,31024
548,키즈,뽀로로앤타요 테마파크,제주 서귀포시 안덕면 병악로 269,제주특별자치도 서귀포시 안덕면 상창리,647428555.0,3,38500,20220517,50130,31024
549,키즈,돈키쥬쥬,제주 제주시 은수길 65,제주특별자치도 제주시 연동,647555920.0,2,12000,20220517,50110,13700
550,키즈,뽀로로앤타요 테마파크,제주 서귀포시 안덕면 병악로 269,제주특별자치도 서귀포시 안덕면 상창리,647428555.0,3,38500,20220517,50130,31024
551,키즈,뽀로로앤타요 테마파크,제주 서귀포시 안덕면 병악로 269,제주특별자치도 서귀포시 안덕면 상창리,647428555.0,3,38500,20220517,50130,31024
552,키즈,뽀로로앤타요 테마파크,제주 서귀포시 안덕면 병악로 269,제주특별자치도 서귀포시 안덕면 상창리,647428555.0,3,38500,20220517,50130,31024
553,키즈,뽀로로앤타요 테마파크,제주 서귀포시 안덕면 병악로 269,제주특별자치도 서귀포시 안덕면 상창리,647428555.0,2,83400,20220517,50130,31024
554,키즈,뽀로로앤타요 테마파크,제주 서귀포시 안덕면 병악로 269,제주특별자치도 서귀포시 안덕면 상창리,647428555.0,1,17500,20220517,50130,31024
555,키즈,뽀로로앤타요 테마파크,제주 서귀포시 안덕면 병악로 269,제주특별자치도 서귀포시 안덕면 상창리,647428555.0,2,28000,20220517,50130,31024
556,키즈,뽀로로앤타요 테마파크,제주 서귀포시 안덕면 병악로 269,제주특별자치도 서귀포시 안덕면 상창리,647428555.0,2,0,20220518,50130,31024
557,키즈,뽀로로앤타요 테마파크,제주 서귀포시 안덕면 병악로 269,제주특별자치도 서귀포시 안덕면 상창리,647428555.0,2,28000,20220518,50130,31024
558,키즈,뽀로로앤타요 테마파크,제주 서귀포시 안덕면 병악로 269,제주특별자치도 서귀포시 안덕면 상창리,647428555.0,3,38500,20220518,50130,31024
559,키즈,뽀로로앤타요 테마파크,제주 서귀포시 안덕면 병악로 269,제주특별자치도 서귀포시 안덕면 상창리,647428555.0,3,38500,20220518,50130,31024
560,키즈,뽀로로앤타요 테마파크,제주 서귀포시 안덕면 병악로 269,제주특별자치도 서귀포시 안덕면 상창리,647428555.0,3,38500,20220518,50130,31024
561,키즈,뽀로로앤타요 테마파크,제주 서귀포시 안덕면 병악로 269,제주특별자치도 서귀포시 안덕면 상창리,647428555.0,1,17500,20220518,50130,31024
562,키즈,뽀로로앤타요 테마파크,제주 서귀포시 안덕면 병악로 269,제주특별자치도 서귀포시 안덕면 상창리,647428555.0,3,38500,20220518,50130,31024
563,키즈,뽀로로앤타요 테마파크,제주 서귀포시 안덕면 병악로 269,제주특별자치도 서귀포시 안덕면 상창리,647428555.0,4,56000,20220518,50130,31024
564,키즈,뽀로로앤타요 테마파크,제주 서귀포시 안덕면 병악로 269,제주특별자치도 서귀포시 안덕면 상창리,647428555.0,3,38500,20220518,50130,31024
565,키즈,뽀로로앤타요 테마파크,제주 서귀포시 안덕면 병악로 269,제주특별자치도 서귀포시 안덕면 상창리,647428555.0,3,131900,20220518,50130,31024
566,키즈,돈키쥬쥬,제주 제주시 은수길 65,제주특별자치도 제주시 연동,647555920.0,2,12000,20220518,50110,13700
567,키즈,뽀로로앤타요 테마파크,제주 서귀포시 안덕면 병악로 269,제주특별자치도 서귀포시 안덕면 상창리,647428555.0,3,38500,20220519,50130,31024
568,키즈,뽀로로앤타요 테마파크,제주 서귀포시 안덕면 병악로 269,제주특별자치도 서귀포시 안덕면 상창리,647428555.0,1,42400,20220519,50130,31024
569,키즈,뽀로로앤타요 테마파크,제주 서귀포시 안덕면 병악로 269,제주특별자치도 서귀포시 안덕면 상창리,647428555.0,1,42400,20220519,50130,31024
570,키즈,뽀로로앤타요 테마파크,제주 서귀포시 안덕면 병악로 269,제주특별자치도 서귀포시 안덕면 상창리,647428555.0,3,38500,20220519,50130,31024
571,키즈,뽀로로앤타요 테마파크,제주 서귀포시 안덕면 병악로 269,제주특별자치도 서귀포시 안덕면 상창리,647428555.0,2,21000,20220519,50130,31024
572,키즈,뽀로로앤타요 테마파크,제주 서귀포시 안덕면 병악로 269,제주특별자치도 서귀포시 안덕면 상창리,647428555.0,3,36575,20220519,50130,31024
573,키즈,뽀로로앤타요 테마파크,제주 서귀포시 안덕면 병악로 269,제주특별자치도 서귀포시 안덕면 상창리,647428555.0,3,38500,20220519,50130,31024
574,키즈,뽀로로앤타요 테마파크,제주 서귀포시 안덕면 병악로 269,제주특별자치도 서귀포시 안덕면 상창리,647428555.0,3,38500,20220519,50130,31024
575,키즈,뽀로로앤타요 테마파크,제주 서귀포시 안덕면 병악로 269,제주특별자치도 서귀포시 안덕면 상창리,647428555.0,3,38500,20220519,50130,31024
576,키즈,코코몽에코파크,제주 서귀포시 남원읍 태위로 536 제주코코몽에코파크,제주특별자치도 서귀포시 남원읍 남원리,16614284.0,3,0,20220520,50130,25321
577,키즈,코코몽에코파크,제주 서귀포시 남원읍 태위로 536 제주코코몽에코파크,제주특별자치도 서귀포시 남원읍 남원리,16614284.0,3,0,20220520,50130,25321
578,키즈,코코몽에코파크,제주 서귀포시 남원읍 태위로 536 제주코코몽에코파크,제주특별자치도 서귀포시 남원읍 남원리,16614284.0,3,0,20220520,50130,25321
579,키즈,코코몽에코파크,제주 서귀포시 남원읍 태위로 536 제주코코몽에코파크,제주특별자치도 서귀포시 남원읍 남원리,16614284.0,2,0,20220520,50130,25321
580,키즈,뽀로로앤타요 테마파크,제주 서귀포시 안덕면 병악로 269,제주특별자치도 서귀포시 안덕면 상창리,647428555.0,3,38500,20220520,50130,31024
581,키즈,뽀로로앤타요 테마파크,제주 서귀포시 안덕면 병악로 269,제주특별자치도 서귀포시 안덕면 상창리,647428555.0,3,38500,20220520,50130,31024
582,키즈,뽀로로앤타요 테마파크,제주 서귀포시 안덕면 병악로 269,제주특별자치도 서귀포시 안덕면 상창리,647428555.0,1,17500,20220520,50130,31024
583,키즈,뽀로로앤타요 테마파크,제주 서귀포시 안덕면 병악로 269,제주특별자치도 서귀포시 안덕면 상창리,647428555.0,5,208500,20220520,50130,31024
584,키즈,뽀로로앤타요 테마파크,제주 서귀포시 안덕면 병악로 269,제주특별자치도 서귀포시 안덕면 상창리,647428555.0,3,38500,20220520,50130,31024
585,키즈,돈키쥬쥬,제주 제주시 은수길 65,제주특별자치도 제주시 연동,647555920.0,3,18000,20220520,50110,13700
586,키즈,코코몽에코파크,제주 서귀포시 남원읍 태위로 536 제주코코몽에코파크,제주특별자치도 서귀포시 남원읍 남원리,16614284.0,3,47000,20220520,50130,25321
587,키즈,뽀로로앤타요 테마파크,제주 서귀포시 안덕면 병악로 269,제주특별자치도 서귀포시 안덕면 상창리,647428555.0,3,38500,20220520,50130,31024
588,키즈,뽀로로앤타요 테마파크,제주 서귀포시 안덕면 병악로 269,제주특별자치도 서귀포시 안덕면 상창리,647428555.0,4,56000,20220520,50130,31024
589,키즈,뽀로로앤타요 테마파크,제주 서귀포시 안덕면 병악로 269,제주특별자치도 서귀포시 안덕면 상창리,647428555.0,5,0,20220520,50130,31024
590,키즈,뽀로로앤타요 테마파크,제주 서귀포시 안덕면 병악로 269,제주특별자치도 서귀포시 안덕면 상창리,647428555.0,3,0,20220521,50130,31024
591,키즈,뽀로로앤타요 테마파크,제주 서귀포시 안덕면 병악로 269,제주특별자치도 서귀포시 안덕면 상창리,647428555.0,2,21000,20220521,50130,31024
592,키즈,뽀로로앤타요 테마파크,제주 서귀포시 안덕면 병악로 269,제주특별자치도 서귀포시 안덕면 상창리,647428555.0,4,56000,20220521,50130,31024
593,키즈,뽀로로앤타요 테마파크,제주 서귀포시 안덕면 병악로 269,제주특별자치도 서귀포시 안덕면 상창리,647428555.0,4,56000,20220521,50130,31024
594,키즈,뽀로로앤타요 테마파크,제주 서귀포시 안덕면 병악로 269,제주특별자치도 서귀포시 안덕면 상창리,647428555.0,3,64600,20220521,50130,31024
595,키즈,뽀로로앤타요 테마파크,제주 서귀포시 안덕면 병악로 269,제주특별자치도 서귀포시 안덕면 상창리,647428555.0,3,0,20220521,50130,31024
596,키즈,뽀로로앤타요 테마파크,제주 서귀포시 안덕면 병악로 269,제주특별자치도 서귀포시 안덕면 상창리,647428555.0,3,38500,20220521,50130,31024
597,키즈,뽀로로앤타요 테마파크,제주 서귀포시 안덕면 병악로 269,제주특별자치도 서귀포시 안덕면 상창리,647428555.0,2,50600,20220521,50130,31024
598,키즈,뽀로로앤타요 테마파크,제주 서귀포시 안덕면 병악로 269,제주특별자치도 서귀포시 안덕면 상창리,647428555.0,1,17500,20220521,50130,31024
599,키즈,뽀로로앤타요 테마파크,제주 서귀포시 안덕면 병악로 269,제주특별자치도 서귀포시 안덕면 상창리,647428555.0,2,0,20220522,50130,31024
600,키즈,뽀로로앤타요 테마파크,제주 서귀포시 안덕면 병악로 269,제주특별자치도 서귀포시 안덕면 상창리,647428555.0,4,56000,20220522,50130,31024
601,키즈,뽀로로앤타요 테마파크,제주 서귀포시 안덕면 병악로 269,제주특별자치도 서귀포시 안덕면 상창리,647428555.0,3,38500,20220522,50130,31024
602,키즈,뽀로로앤타요 테마파크,제주 서귀포시 안덕면 병악로 269,제주특별자치도 서귀포시 안덕면 상창리,647428555.0,3,38500,20220522,50130,31024
603,키즈,뽀로로앤타요 테마파크,제주 서귀포시 안덕면 병악로 269,제주특별자치도 서귀포시 안덕면 상창리,647428555.0,2,0,20220522,50130,31024
604,키즈,뽀로로앤타요 테마파크,제주 서귀포시 안덕면 병악로 269,제주특별자치도 서귀포시 안덕면 상창리,647428555.0,4,42000,20220522,50130,31024
605,키즈,뽀로로앤타요 테마파크,제주 서귀포시 안덕면 병악로 269,제주특별자치도 서귀포시 안덕면 상창리,647428555.0,5,66500,20220522,50130,31024
606,키즈,코코몽에코파크,제주 서귀포시 남원읍 태위로 536 제주코코몽에코파크,제주특별자치도 서귀포시 남원읍 남원리,16614284.0,3,41500,20220522,50130,25321
607,키즈,뽀로로앤타요 테마파크,제주 서귀포시 안덕면 병악로 269,제주특별자치도 서귀포시 안덕면 상창리,647428555.0,5,59500,20220522,50130,31024
608,키즈,뽀로로앤타요 테마파크,제주 서귀포시 안덕면 병악로 269,제주특별자치도 서귀포시 안덕면 상창리,647428555.0,4,56000,20220522,50130,31024
609,키즈,뽀로로앤타요 테마파크,제주 서귀포시 안덕면 병악로 269,제주특별자치도 서귀포시 안덕면 상창리,647428555.0,5,109300,20220522,50130,31024
610,키즈,뽀로로앤타요 테마파크,제주 서귀포시 안덕면 병악로 269,제주특별자치도 서귀포시 안덕면 상창리,647428555.0,3,38500,20220523,50130,31024
611,키즈,뽀로로앤타요 테마파크,제주 서귀포시 안덕면 병악로 269,제주특별자치도 서귀포시 안덕면 상창리,647428555.0,3,38500,20220523,50130,31024
612,키즈,뽀로로앤타요 테마파크,제주 서귀포시 안덕면 병악로 269,제주특별자치도 서귀포시 안덕면 상창리,647428555.0,4,56000,20220523,50130,31024
613,키즈,뽀로로앤타요 테마파크,제주 서귀포시 안덕면 병악로 269,제주특별자치도 서귀포시 안덕면 상창리,647428555.0,3,38500,20220523,50130,31024
614,키즈,뽀로로앤타요 테마파크,제주 서귀포시 안덕면 병악로 269,제주특별자치도 서귀포시 안덕면 상창리,647428555.0,1,17400,20220523,50130,31024
615,키즈,뽀로로앤타요 테마파크,제주 서귀포시 안덕면 병악로 269,제주특별자치도 서귀포시 안덕면 상창리,647428555.0,1,17500,20220523,50130,31024
616,키즈,뽀로로앤타요 테마파크,제주 서귀포시 안덕면 병악로 269,제주특별자치도 서귀포시 안덕면 상창리,647428555.0,3,38500,20220523,50130,31024
617,키즈,뽀로로앤타요 테마파크,제주 서귀포시 안덕면 병악로 269,제주특별자치도 서귀포시 안덕면 상창리,647428555.0,2,35000,20220523,50130,31024
618,키즈,뽀로로앤타요 테마파크,제주 서귀포시 안덕면 병악로 269,제주특별자치도 서귀포시 안덕면 상창리,647428555.0,4,166800,20220523,50130,31024
619,키즈,뽀로로앤타요 테마파크,제주 서귀포시 안덕면 병악로 269,제주특별자치도 서귀포시 안덕면 상창리,647428555.0,1,17500,20220523,50130,31024
620,키즈,뽀로로앤타요 테마파크,제주 서귀포시 안덕면 병악로 269,제주특별자치도 서귀포시 안덕면 상창리,647428555.0,2,28000,20220523,50130,31024
621,키즈,코코몽에코파크,제주 서귀포시 남원읍 태위로 536 제주코코몽에코파크,제주특별자치도 서귀포시 남원읍 남원리,16614284.0,3,41500,20220523,50130,25321
622,키즈,뽀로로앤타요 테마파크,제주 서귀포시 안덕면 병악로 269,제주특별자치도 서귀포시 안덕면 상창리,647428555.0,3,38500,20220523,50130,31024
623,키즈,뽀로로앤타요 테마파크,제주 서귀포시 안덕면 병악로 269,제주특별자치도 서귀포시 안덕면 상창리,647428555.0,3,38500,20220523,50130,31024
624,키즈,뽀로로앤타요 테마파크,제주 서귀포시 안덕면 병악로 269,제주특별자치도 서귀포시 안덕면 상창리,647428555.0,6,77000,20220523,50130,31024
625,키즈,뽀로로앤타요 테마파크,제주 서귀포시 안덕면 병악로 269,제주특별자치도 서귀포시 안덕면 상창리,647428555.0,3,38500,20220523,50130,31024
626,키즈,뽀로로앤타요 테마파크,제주 서귀포시 안덕면 병악로 269,제주특별자치도 서귀포시 안덕면 상창리,647428555.0,2,28000,20220523,50130,31024
627,키즈,코코몽에코파크,제주 서귀포시 남원읍 태위로 536 제주코코몽에코파크,제주특별자치도 서귀포시 남원읍 남원리,16614284.0,5,104500,20220523,50130,25321
628,키즈,뽀로로앤타요 테마파크,제주 서귀포시 안덕면 병악로 269,제주특별자치도 서귀포시 안덕면 상창리,647428555.0,2,50600,20220524,50130,31024
629,키즈,뽀로로앤타요 테마파크,제주 서귀포시 안덕면 병악로 269,제주특별자치도 서귀포시 안덕면 상창리,647428555.0,3,38500,20220524,50130,31024
630,키즈,뽀로로앤타요 테마파크,제주 서귀포시 안덕면 병악로 269,제주특별자치도 서귀포시 안덕면 상창리,647428555.0,4,56000,20220524,50130,31024
631,키즈,뽀로로앤타요 테마파크,제주 서귀포시 안덕면 병악로 269,제주특별자치도 서귀포시 안덕면 상창리,647428555.0,2,28000,20220524,50130,31024
632,키즈,뽀로로앤타요 테마파크,제주 서귀포시 안덕면 병악로 269,제주특별자치도 서귀포시 안덕면 상창리,647428555.0,3,38500,20220524,50130,31024
633,키즈,뽀로로앤타요 테마파크,제주 서귀포시 안덕면 병악로 269,제주특별자치도 서귀포시 안덕면 상창리,647428555.0,2,34800,20220524,50130,31024
634,키즈,뽀로로앤타요 테마파크,제주 서귀포시 안덕면 병악로 269,제주특별자치도 서귀포시 안덕면 상창리,647428555.0,3,38500,20220524,50130,31024
635,키즈,뽀로로앤타요 테마파크,제주 서귀포시 안덕면 병악로 269,제주특별자치도 서귀포시 안덕면 상창리,647428555.0,4,49000,20220524,50130,31024
636,키즈,뽀로로앤타요 테마파크,제주 서귀포시 안덕면 병악로 269,제주특별자치도 서귀포시 안덕면 상창리,647428555.0,3,38500,20220524,50130,31024
